Data;hora;1;2;3;4;5;6;7;8;9;10;11;12;13;14;15;16;17;18;19;20;21;22;23;24;25;26;27;28;29;30;31
2023 -06;07:00;175;174;174;173;172;173;173;172;172;171;172;172;179;180;193;207;181;176;175;174;173;173;173;177;173;172;171;170;170;170;
2023 -06;17:00;175;174;174;173;172;173;173;172;172;172;172;181;177;185;204;195;179;176;174;174;173;173;175;176;173;172;171;171;170;170;
2023 -05;07:00;185;184;184;260;192;189;186;185;185;183;182;181;180;180;180;179;179;179;178;178;178;177;177;177;176;176;176;177;179;176;176
2023 -05;17:00;184;184;184;221;191;186;186;185;184;183;182;181;180;180;180;179;179;179;178;178;178;177;177;177;176;176;176;177;179;176;176
2023 -04;17:00;198;195;194;193;193;192;235;204;201;201;195;193;192;196;;191;196;218;201;194;191;;;202;192;189;189;187;186;185;
2023 -04;07:00;199;195;194;193;193;193;203;211;201;201;196;193;192;192;194;;204;227;206;195;191;;;209;194;190;189;187;186;185;
2023 -03;07:00;;;;;;;;;;;;;;;;;;;;;;196;308;224;208;204;201;190;194;228;202
2023 -03;17:00;;;;;;;;;;;;;;;;;;;;;193;195;260;208;207;202;192;192;197;216;199
2023 -02;07:00;;;;;;;;;;;;;;;;;;;;;;;;;;;;;;;
2023 -02;17:00;;;;;;;;;;;;;;;;;;;;;;;;;;;;;;;
2023 -01;07:00;;;;;;;;;;;;;;;;;;;;;;;;;;;;;;;
2023 -01;17:00;;;;;;;;;;;;;;;;;;;;;;;;;;;;;;;
2022 -12;17:00;397;;;;;;;;;;;;;;;;;;;;;;;;;;;;;;
2022 -12;07:00;600;;;;;;;;;;;;;;;;;;;;;;;;;;;;;;
2022 -11;07:00;169;170;168;168;167;167;168;168;167;167;166;166;165;169;167;164;165;163;163;162;163;162;163;163;162;162;320;244;334;350;
2022 -11;17:00;171;169;168;168;167;167;168;168;167;167;166;166;165;175;167;165;163;163;163;163;163;162;163;163;162;165;240;232;292;404;
2022 -10;07:00;168;170;166;165;165;165;194;172;168;175;244;211;189;187;193;216;211;192;187;183;180;187;179;181;177;175;173;172;171;171;170
2022 -10;17:00;169;168;165;165;165;193;185;172;166;244;265;202;187;224;195;260;203;189;186;182;180;181;177;180;176;175;173;172;171;171;171
2022 -09;17:00;168;167;167;166;165;168;186;175;171;168;167;167;191;173;170;172;171;169;170;179;170;172;167;166;165;173;167;166;165;165;
2022 -09;07:00;168;167;167;166;165;168;195;179;171;169;167;167;207;175;170;172;173;169;171;183;170;172;172;166;165;173;168;166;165;165;
2022 -08;07:00;165;164;164;164;164;163;207;177;183;263;215;187;183;177;175;173;172;224;192;179;176;174;173;173;172;170;169;169;169;168;168
2022 -08;17:00;165;164;164;164;164;163;195;176;186;286;202;187;181;177;174;172;172;260;192;178;176;173;173;172;171;170;169;169;169;168;168
2022 -07;17:00;173;173;173;172;172;171;170;169;169;169;169;170;169;169;179;171;171;169;168;168;168;167;167;167;166;166;166;168;166;165;165
2022 -07;07:00;173;173;173;172;172;171;170;169;169;169;169;169;169;169;182;172;170;170;168;168;168;167;167;167;166;166;166;166;167;165;165
2022 -06;07:00;174;204;180;176;174;240;203;189;183;182;179;176;174;174;173;172;172;183;173;172;172;202;201;211;194;184;179;178;176;175;
2022 -06;17:00;174;189;178;175;174;215;196;187;182;181;178;175;174;173;173;172;172;179;172;172;173;219;191;208;190;182;179;177;176;175;
2022 -05;07:00;166;185;344;350;329;230;210;197;193;190;192;187;183;182;181;180;178;177;177;176;175;174;174;173;173;173;173;173;173;181;176
2022 -05;17:00;173;183;380;384;280;223;207;197;193;189;189;186;183;182;181;180;170;177;177;176;175;174;174;173;173;173;173;173;173;191;175
2022 -04;07:00;171;170;172;192;178;172;171;170;174;170;179;182;182;175;172;170;169;169;169;176;169;168;167;167;166;166;166;165;178;167;
2022 -04;17:00;170;171;172;188;174;171;171;170;173;170;193;188;179;175;172;170;169;169;169;173;169;168;168;167;166;166;166;165;171;167;
2022 -03;17:00;187;172;191;179;173;169;191;189;172;169;202;192;190;192;183;185;197;183;197;183;179;185;178;191;180;177;174;173;171;174;179
2022 -03;07:00;189;178;204;184;177;169;192;204;173;170;232;198;195;193;186;188;202;184;206;184;179;183;179;187;182;177;174;172;171;170;180
2022 -02;17:00;175;172;172;168;172;170;168;165;165;165;165;164;164;179;167;164;164;169;174;166;164;177;186;170;167;167;168;165;;;
2022 -02;07:00;181;173;171;168;173;170;168;167;165;164;167;164;164;201;168;165;164;172;174;171;164;187;190;171;167;167;171;165;;;
2022 -01;07:00;171;170;172;170;173;181;170;173;172;173;172;170;169;168;168;173;174;192;172;170;173;169;167;167;166;166;165;171;179;170;169
2022 -01;17:00;171;170;171;170;172;206;176;173;172;173;171;170;169;168;171;172;173;182;171;170;171;168;167;167;166;166;166;172;173;169;168
2021 -12;07:00;177;176;177;177;178;189;205;183;178;177;176;180;187;182;218;193;181;180;186;178;176;179;176;174;173;172;187;174;172;175;173
2021 -12;17:00;177;177;177;179;177;185;192;181;178;176;176;182;182;180;202;188;180;181;184;178;176;177;176;174;173;172;180;173;172;174;172
2021 -11;07:00;230;222;198;192;195;191;214;193;192;189;186;185;188;187;183;182;181;184;229;201;191;188;185;183;182;190;184;181;180;177;
2021 -11;17:00;227;213;196;190;194;194;204;193;191;188;186;186;190;186;183;182;181;372;215;196;191;187;185;183;182;190;183;181;180;177;
2021 -10;07:00;290;187;178;175;174;173;195;177;205;234;225;410;270;239;209;211;197;215;201;191;192;189;185;185;185;182;180;178;177;184;276
2021 -10;17:00;241;184;178;175;174;173;189;176;239;224;222;365;254;228;205;204;196;202;197;191;189;187;184;184;184;182;180;178;178;197;182
2021 -09;07:00;170;167;166;167;169;167;169;240;212;179;173;171;169;173;178;171;171;229;186;179;176;173;172;171;171;169;168;168;189;173;
2021 -09;17:00;169;167;165;167;170;167;179;224;198;178;173;170;169;196;175;170;179;210;183;179;176;173;172;171;170;169;168;168;189;172;
2021 -08;07:00;171;171;171;170;171;174;173;176;171;170;188;173;171;177;176;172;171;170;170;169;167;167;167;166;167;167;166;165;165;167;182
2021 -08;17:00;171;171;171;170;174;173;190;173;171;170;188;172;171;184;175;172;171;170;170;168;167;167;167;167;167;167;166;165;167;167;168
2021 -07;07:00;195;191;188;185;184;183;187;182;180;180;179;179;178;177;176;178;177;176;175;173;173;173;173;172;172;172;171;175;171;171;170
2021 -07;17:00;195;190;187;185;184;183;190;181;180;180;179;179;178;177;176;177;177;176;175;173;173;173;173;172;172;172;175;174;171;171;170
2021 -06;07:00;171;170;169;169;168;168;179;179;384;218;214;191;184;181;179;177;175;175;176;190;212;198;191;187;186;191;184;240;263;206;
2021 -06;17:00;171;170;169;169;168;168;185;178;330;207;204;189;183;181;179;177;175;175;193;160;207;196;190;187;186;193;184;274;235;202;
2021 -05;07:00;171;171;171;170;170;191;201;176;173;175;176;182;179;174;172;172;171;170;171;170;169;187;175;170;169;168;168;167;213;178;172
2021 -05;17:00;171;171;171;170;170;188;189;176;173;187;175;194;179;172;172;172;172;171;170;170;170;201;173;170;169;168;168;167;217;175;172
2021 -04;07:00;180;179;182;179;178;181;194;195;188;181;179;177;175;174;174;173;174;179;177;175;174;221;183;178;176;175;173;173;172;171;
2021 -04;17:00;180;179;184;179;179;182;201;195;188;181;178;177;175;174;174;173;174;176;177;175;175;201;181;179;176;175;173;173;172;171;
2021 -03;07:00;230;227;288;245;220;223;206;201;240;202;197;194;;;;;;;188;186;185;184;190;193;183;182;184;190;191;190;183
2021 -03;17:00;228;216;249;232;216;208;203;199;216;201;196;193;;;;;;;187;185;185;184;186;188;182;182;182;186;190;187;183
2021 -02;07:00;208;211;232;203;201;194;191;188;186;185;183;186;204;194;199;203;193;201;190;188;184;183;181;186;197;197;205;234;;;
2021 -02;17:00;206;206;212;201;199;194;191;188;186;185;183;184;192;191;193;198;205;197;189;187;184;182;180;199;193;191;215;302;;;
2021 -01;07:00;192;179;175;235;183;179;195;210;198;185;182;183;199;182;181;183;196;225;194;225;234;236;247;217;239;220;212;201;315;249;218
2021 -01;17:00;187;178;175;198;180;210;187;202;185;183;182;181;192;181;201;187;230;210;192;223;238;258;232;222;230;215;207;201;270;238;216
2020 -12;07:00;207;175;298;236;173;180;265;211;189;182;177;174;180;218;185;202;198;201;191;183;179;175;173;189;189;178;174;186;215;204;183
2020 -12;17:00;195;175;236;236;172;218;180;202;186;180;176;173;175;197;280;191;236;196;189;181;178;175;173;193;184;176;177;182;201;201;182
2020 -11;07:00;159;159;157;167;159;158;156;155;156;178;169;164;214;192;171;167;196;169;167;165;180;168;168;163;161;161;159;162;161;160;
2020 -11;17:00;160;158;157;163;158;157;156;155;156;175;167;167;192;185;169;166;181;168;167;164;171;168;166;161;161;161;160;163;160;159;
2020 -10;07:00;168;160;157;159;187;170;163;162;160;175;162;159;158;157;157;155;155;155;155;155;154;154;225;175;163;161;170;169;161;162;161
2020 -10;17:00;167;157;156;169;186;167;162;162;161;170;161;159;158;157;156;155;155;155;155;155;154;157;206;169;162;168;189;166;160;163;160
2020 -09;07:00;155;160;163;165;163;158;158;260;224;207;182;172;168;167;163;162;164;164;161;159;158;158;157;157;157;156;155;162;164;158;
2020 -09;17:00;156;168;165;163;159;157;159;230;233;196;179;171;167;165;162;161;167;163;160;159;158;158;157;157;156;156;155;173;161;157;
2020 -08;17:00;155;154;154;153;153;152;152;152;151;150;151;151;174;163;235;177;187;170;167;172;166;162;160;160;159;158;157;156;155;155;154
2020 -08;07:00;155;154;154;153;153;152;152;151;151;151;151;151;174;166;322;184;180;171;167;178;167;163;161;160;160;158;157;156;155;155;154
2020 -07;17:00;171;157;155;154;153;155;194;177;168;160;157;183;165;164;159;157;191;166;161;157;157;156;156;155;154;154;154;154;161;155;154
2020 -07;07:00;182;159;155;154;153;154;155;177;172;161;158;194;167;164;163;158;190;168;161;159;157;157;156;155;154;154;154;154;159;156;154
2020 -06;17:00;148;149;149;149;153;190;161;154;152;175;153;161;156;155;153;153;158;158;155;153;153;152;152;151;151;153;153;155;152;171;
2020 -06;07:00;149;149;149;149;150;218;164;155;153;183;207;163;157;155;153;153;157;160;154;154;153;152;151;151;151;151;152;155;155;159;
2020 -05;17:00;152;152;151;151;150;151;151;150;150;150;150;150;151;151;151;151;150;150;149;149;149;150;150;150;149;149;148;148;148;148;149
2020 -05;07:00;153;152;151;151;151;151;151;150;150;150;150;150;150;151;151;151;151;150;149;149;149;150;150;150;149;149;148;148;148;148;148
2020 -04;17:00;160;155;155;153;153;153;159;154;153;153;153;152;152;153;153;152;151;151;151;151;151;151;151;151;151;151;150;162;155;153;
2020 -04;07:00;165;156;155;153;153;152;159;155;153;153;153;152;152;153;153;152;151;151;151;151;151;151;151;151;151;151;151;158;156;153;
2020 -03;17:00;161;166;163;164;161;160;159;159;158;158;157;157;156;156;156;155;158;158;158;156;155;155;160;155;155;155;155;155;154;157;155
2020 -03;07:00;162;163;163;165;161;160;159;159;158;158;157;157;156;156;156;155;159;157;158;156;155;155;157;156;156;154;154;155;154;155;155
2020 -02;07:00;157;156;156;158;212;194;301;374;218;201;183;178;176;171;169;167;166;166;165;171;165;163;161;161;160;166;177;164;162;;
2020 -02;17:00;157;155;158;163;197;195;;289;205;192;181;179;175;171;169;167;166;165;164;169;164;163;161;161;161;242;170;164;162;;
2020 -01;07:00;153;170;159;160;177;160;157;157;159;158;264;171;162;158;157;158;157;155;155;155;155;154;168;186;167;159;175;159;159;163;159
2020 -01;17:00;153;166;158;174;169;159;157;159;159;158;201;167;161;158;157;158;157;155;155;155;155;155;166;185;164;156;166;160;160;162;159
2019 -12;07:00;159;162;158;158;158;165;159;157;157;157;156;156;158;156;156;160;163;181;163;160;158;159;157;156;155;172;160;;;153;153
2019 -12;17:00;159;160;158;158;159;162;158;157;157;157;156;156;160;160;157;160;165;175;161;159;158;160;157;155;155;168;157;;;153;153
2019 -11;17:00;164;180;164;164;232;173;165;166;162;168;236;188;214;262;199;182;175;171;168;167;165;164;163;162;161;160;170;164;160;159;
2019 -11;07:00;167;177;167;167;196;179;166;167;163;170;340;191;240;266;210;184;176;171;169;166;165;164;163;162;161;160;165;165;161;160;
2019 -10;17:00;155;156;155;156;156;161;162;158;159;157;155;154;154;163;159;159;196;176;165;;158;159;156;156;159;166;158;218;170;163;168
2019 -10;07:00;156;156;156;156;156;157;164;159;159;157;155;155;154;163;158;159;178;178;171;161;158;159;157;157;159;171;159;206;177;163;161
2019 -09;17:00;162;160;159;158;158;175;169;161;159;158;158;157;157;157;157;157;156;157;162;176;162;160;157;157;157;157;158;156;155;156;
2019 -09;07:00;159;161;159;158;158;158;175;162;159;158;158;157;157;157;158;157;155;156;161;169;164;160;158;157;157;157;157;157;155;156;
2019 -08;07:00;161;161;162;161;160;161;161;161;161;160;161;161;159;159;158;158;158;158;167;163;159;159;159;159;158;158;159;161;159;159;159
2019 -08;17:00;161;161;161;161;160;160;161;161;161;159;161;160;159;158;158;158;158;158;168;161;159;159;160;159;158;159;161;160;159;159;159
2019 -07;07:00;165;167;191;173;169;167;165;165;164;164;164;163;163;163;171;167;164;164;175;169;165;164;163;164;163;162;162;162;162;162;162
2019 -07;17:00;167;191;181;170;167;166;165;165;164;164;163;163;163;163;171;168;164;164;181;167;165;163;163;163;162;162;162;162;163;162;162
2019 -06;07:00;199;188;188;183;181;177;175;175;173;172;171;171;170;169;170;170;169;167;167;167;166;166;166;166;166;167;172;167;166;166;
2019 -06;17:00;195;187;186;183;178;176;176;174;173;172;171;171;170;169;170;169;168;167;167;167;166;166;166;166;165;170;172;167;166;165;
2019 -05;17:00;167;167;167;166;165;166;170;166;165;165;166;181;169;198;175;183;171;181;177;175;171;169;175;171;207;178;173;177;176;182;234
2019 -05;07:00;167;167;167;166;165;167;171;166;165;165;166;198;170;232;177;177;172;173;179;178;178;170;175;171;201;180;174;173;175;176;262
2019 -04;07:00;175;171;169;170;168;169;162;222;186;179;175;173;173;171;208;175;186;174;172;170;169;170;170;169;171;171;177;171;171;169;
2019 -04;17:00;173;170;169;169;168;169;230;206;184;177;175;173;172;171;185;174;180;174;172;170;170;170;170;169;171;170;173;;170;168;
2019 -03;17:00;180;176;173;185;173;172;193;176;190;182;179;177;182;177;205;184;179;177;178;180;174;173;175;175;171;170;171;170;179;179;171
2019 -03;07:00;180;176;173;176;173;177;192;177;198;179;179;177;186;179;229;186;180;177;180;182;175;173;176;177;173;171;172;170;172;186;172
2019 -02;17:00;171;186;195;182;175;172;170;167;167;166;165;166;166;165;166;172;184;216;184;204;189;182;171;176;216;192;182;181;;;
2019 -02;07:00;180;202;225;186;175;172;170;167;167;166;165;166;166;165;164;176;185;246;188;223;189;185;177;181;210;201;183;181;;;
2019 -01;07:00;166;165;164;179;169;165;165;166;199;170;167;;;180;186;177;177;224;186;184;177;171;169;175;179;173;173;173;167;167;165
2019 -01;17:00;166;165;164;169;169;165;165;165;182;169;166;;;178;178;175;173;166;181;180;177;171;169;171;175;172;170;170;167;166;165
2018 -12;17:00;193;185;176;173;170;169;168;167;166;165;165;164;167;163;169;174;167;165;169;186;168;169;201;172;169;167;185;175;177;171;168
2018 -12;07:00;204;194;177;173;170;169;168;167;166;165;165;165;165;163;165;173;167;167;171;219;169;170;226;174;170;167;183;175;179;172;169
2018 -11;17:00;182;178;177;183;175;172;170;173;174;230;193;179;177;174;171;169;169;175;173;169;169;167;167;176;179;169;167;173;182;241;
2018 -11;07:00;191;184;173;193;177;173;170;175;171;215;201;181;177;174;171;169;169;169;179;169;169;169;167;176;188;170;167;171;171;173;
2018 -10;07:00;169;180;180;185;174;171;169;169;169;173;169;167;169;169;168;167;189;174;169;168;167;166;165;165;165;201;206;174;170;169;169
2018 -10;17:00;169;174;196;179;173;170;169;169;169;176;169;167;169;168;168;167;184;173;169;167;167;166;165;165;169;192;187;173;169;169;198
2018 -09;07:00;172;190;230;272;193;179;174;171;169;169;167;167;218;201;202;202;193;222;191;181;178;175;173;171;170;169;169;175;177;172;
2018 -09;17:00;196;205;226;242;188;178;173;171;169;167;167;171;195;201;210;204;203;211;188;180;177;174;173;171;170;169;169;171;181;171;
2018 -08;07:00;162;162;167;176;167;163;163;162;163;163;161;162;162;161;161;161;161;160;161;160;166;194;180;168;197;169;165;163;163;162;161
2018 -08;17:00;162;162;184;171;;163;162;162;163;162;161;162;163;161;161;161;161;160;160;160;170;206;174;167;187;166;164;163;162;161;161
2018 -07;07:00;167;166;165;167;185;177;168;166;165;165;165;164;164;164;164;164;204;169;166;164;163;162;162;163;162;184;167;165;164;163;162
2018 -07;17:00;166;166;165;192;177;171;167;166;165;165;164;164;164;164;164;164;173;167;165;164;163;162;162;162;163;175;166;165;163;163;162
2018 -06;07:00;167;167;167;167;167;172;167;168;166;165;165;166;204;175;169;168;167;167;167;167;166;166;165;165;167;168;167;168;165;165;
2018 -06;17:00;167;167;167;167;168;171;167;166;166;165;165;179;191;172;169;168;167;167;167;167;166;165;165;166;167;168;167;166;165;175;
2018 -05;07:00;177;173;175;173;175;177;180;174;173;176;172;172;169;170;169;172;169;169;236;179;174;170;169;169;168;168;168;168;167;168;167
2018 -05;17:00;;173;177;172;173;176;179;173;173;174;172;171;169;171;169;170;168;168;203;182;171;170;169;168;168;168;168;167;168;168;167
2018 -04;07:00;230;;193;192;;201;189;185;183;192;182;180;178;178;178;178;179;178;176;175;174;174;174;173;172;171;171;171;170;170;
2018 -04;17:00;218;198;192;192;;195;187;185;182;191;182;180;178;178;178;178;178;177;176;175;174;174;174;173;172;171;171;171;170;170;
2018 -03;07:00;187;231;190;173;197;192;190;180;177;176;181;176;176;174;174;173;172;173;170;176;181;171;170;171;187;176;191;202;223;270;317
2018 -03;17:00;186;209;187;185;224;186;183;179;177;178;179;180;175;174;174;173;172;;171;175;175;171;170;172;191;175;182;226;380;252;
2018 -02;17:00;174;174;172;172;171;170;170;;172;170;200;200;182;;174;173;172;171;185;176;177;191;175;173;172;171;187;186;;;
2018 -02;07:00;174;174;172;172;171;170;170;173;172;170;212;222;184;;174;174;172;172;171;181;173;176;181;173;172;171;185;201;;;
2018 -01;17:00;;181;196;177;174;173;170;170;172;238;240;225;201;194;191;184;204;200;190;186;182;194;184;189;200;185;182;183;179;176;176
2018 -01;07:00;188;185;217;180;174;172;170;170;169;186;286;256;210;201;196;186;216;214;198;188;182;214;188;198;220;186;183;183;182;176;176
2017 -12;07:00;168;168;165;165;;179;186;199;172;168;166;164;164;162;162;162;162;162;163;169;224;179;170;208;216;184;179;188;196;204;
2017 -12;17:00;168;168;164;191;170;200;188;186;172;168;166;164;164;162;162;162;162;164;165;170;199;174;169;216;195;182;177;180;188;199;
2017 -11;17:00;164;164;164;168;168;166;;170;176;176;;167;165;164;164;164;174;215;178;170;168;167;166;165;164;165;164;;163;166;
2017 -11;07:00;166;164;164;164;172;166;165;167;179;169;190;169;166;164;164;164;174;179;186;172;168;167;166;165;164;165;164;164;163;169;
2017 -10;17:00;182;176;184;174;171;170;177;;177;173;172;173;178;180;174;171;170;170;169;168;169;169;168;168;167;;168;;166;166;
2017 -10;07:00;192;177;203;175;171;170;187;175;180;174;172;170;184;188;175;172;170;170;169;168;168;170;168;168;167;170;169;167;166;166;168
2017 -09;17:00;173;173;173;173;172;171;171;171;171;171;170;170;170;169;169;169;171;169;169;168;168;167;177;;170;168;168;170;170;260;
2017 -09;07:00;173;173;173;173;172;171;171;171;171;171;170;170;170;169;169;169;169;170;169;168;168;167;167;176;169;169;168;170;169;298;
2017 -08;17:00;176;176;230;184;;;177;177;179;176;200;204;;200;184;181;179;178;;194;179;177;184;179;177;176;;176;175;174;173
2017 -08;07:00;176;176;195;194;180;178;;176;183;176;177;204;194;224;187;182;180;178;177;188;183;177;178;180;178;177;176;;175;174;173
2017 -07;07:00;188;;;188;188;188;186;185;185;185;185;184;184;183;183;183;183;183;182;181;180;180;180;180;179;178;178;177;177;177;177
2017 -07;17:00;;;187;188;188;186;186;185;185;185;184;184;184;183;183;183;183;181;181;181;180;180;180;180;179;178;;178;;177;177
2017 -06;17:00;284;236;;236;290;252;236;234;222;216;213;210;207;205;204;;;198;204;196;;196;196;;193;192;190;190;189;188;
2017 -06;07:00;374;246;226;218;408;272;242;236;224;218;214;210;208;206;204;202;201;;198;198;;196;196;194;193;;190;190;190;188;
2017 -05;07:00;177;177;178;177;181;177;176;176;176;174;174;174;174;176;174;173;172;173;307;252;380;230;206;280;210;199;240;298;246;220;254
2017 -05;17:00;177;;177;177;179;176;176;176;176;174;174;174;174;176;173;173;172;197;246;301;290;216;203;234;204;197;276;266;236;234;380
2017 -04;07:00;;180;198;202;186;190;183;186;234;;210;197;189;186;184;213;188;185;190;188;186;184;181;180;180;189;;180;178;178;
2017 -04;17:00;180;181;;;;186;;224;;244;203;;188;;;192;187;;194;;;183;180;180;181;;182;180;178;178;
2017 -03;17:00;;182;;;;180;;202;199;192;182;186;181;179;178;178;176;176;;178;180;184;;198;;185;195;189;;184;
2017 -03;07:00;190;182;180;;180;180;178;210;188;187;183;180;185;179;178;178;176;176;175;178;177;186;182;224;222;186;194;189;202;185;182
2017 -02;17:00;270;212;216;238;;206;204;198;194;192;;;202;208;194;;;193;189;189;;184;190;184;;187;;184;;;
2017 -02;07:00;215;228;238;212;214;;218;199;196;195;190;252;214;198;198;192;;196;189;;186;;183;185;198;190;184;186;;;
2017 -01;07:00;252;232;214;196;214;252;206;198;214;194;199;193;186;184;182;181;180;189;196;181;179;179;198;188;206;204;240;199;;205;250
2017 -01;17:00;;222;204;193;201;224;203;196;200;192;192;190;186;184;184;181;182;204;184;180;179;191;184;199;208;324;208;;192;202;244
2016 -12;17:00;168;168;175;220;189;179;174;190;176;190;226;194;180;198;182;179;202;187;180;180;181;;181;320;;;;;195;226;214
2016 -12;07:00;168;168;168;274;199;183;176;173;182;179;184;199;184;240;185;179;212;192;182;178;183;178;191;186;238;188;254;192;210;270;236
2016 -11;07:00;176;174;174;172;171;170;170;170;170;172;170;169;168;168;168;170;192;194;170;169;168;168;168;167;166;166;167;166;166;176;
2016 -11;17:00;176;174;173;172;171;170;170;170;173;170;171;168;168;168;168;206;177;176;170;168;168;168;168;167;166;168;166;166;183;172;
2016 -10;07:00;165;168;167;202;180;179;189;177;171;169;168;168;168;180;170;169;177;220;179;244;186;178;175;173;176;260;220;190;;179;177
2016 -10;17:00;165;169;168;180;176;226;184;174;170;169;168;168;218;174;169;170;177;187;;198;180;;174;172;288;242;201;186;;178;176
2016 -09;17:00;169;169;168;298;190;204;182;;175;;172;172;172;170;169;169;169;169;170;;168;168;168;166;166;166;166;166;165;165;
2016 -09;07:00;169;169;168;246;204;232;186;178;175;174;172;172;172;170;169;169;169;169;172;169;168;168;168;166;166;166;166;166;166;165;
2016 -08;07:00;171;171;171;172;172;171;171;173;172;172;170;169;169;169;171;171;169;173;172;221;185;190;176;173;172;171;170;170;169;169;172
2016 -08;17:00;171;171;173;172;;171;180;172;172;;170;169;169;;180;170;169;;205;196;212;182;175;;172;171;170;170;169;;170
2016 -07;17:00;174;173;173;173;173;173;172;171;171;171;171;171;171;224;;229;188;;179;177;176;175;174;174;173;;173;172;172;172;172
2016 -07;07:00;174;173;173;173;173;173;172;172;171;171;171;171;171;209;260;262;194;183;179;178;176;175;174;174;174;173;175;172;172;172;172
2016 -06;07:00;182;186;182;180;179;179;178;178;177;177;177;176;176;176;176;176;184;190;177;176;175;176;183;176;176;175;175;174;174;174;
2016 -06;17:00;182;184;182;;179;179;178;178;177;177;177;176;176;176;176;176;186;179;;176;175;;179;176;176;175;;174;174;174;
2016 -05;17:00;188;188;186;186;186;;;186;186;185;184;183;183;;;190;183;182;181;186;190;;187;183;183;;182;181;188;184;182
2016 -05;07:00;188;188;186;186;186;186;188;186;186;185;184;183;183;183;;212;184;182;182;181;204;202;192;184;183;183;182;181;182;188;182
2016 -04;17:00;204;;;194;;;;;;248;;201;;206;;;192;;189;;;224;;;189;188;;194;191;189;
2016 -04;07:00;230;199;194;198;193;191;190;;199;;208;214;210;214;198;194;192;;;188;;191;221;194;190;188;254;198;192;190;
2016 -03;07:00;192;191;310;240;210;204;201;198;;274;212;212;202;199;;196;198;194;193;;192;192;190;189;190;250;206;197;194;192;191
2016 -03;17:00;192;192;;219;206;202;200;198;196;;239;205;;198;196;195;195;;;;192;192;;189;350;230;;196;193;;
2016 -02;07:00;228;238;217;252;;230;;206;202;;216;;200;158;204;158;201;200;195;194;232;220;199;209;196;201;;212;196;;
2016 -02;17:00;228;220;212;220;250;;208;204;;;205;201;;212;200;201;198;196;194;;;204;198;199;242;196;;;194;;
2016 -01;07:00;234;222;226;217;242;226;212;;;;;208;202;201;206;212;200;198;196;194;193;193;;;190;190;200;190;370;210;284
2016 -01;17:00;225;;;217;228;216;;;;;216;204;201;200;205;;;;195;194;193;193;;;190;190;192;;;202;230
2015 -12;07:00;;;;;208;215;204;201;;242;200;197;;156;;192;192;191;216;;196;197;;196;;;;246;256;234;270
2015 -12;17:00;;;;222;206;206;201;198;;;198;;;;196;192;192;190;;194;194;193;;;;;;490;260;222;
2015 -11;07:00;260;232;230;230;250;244;228;224;;216;214;212;211;208;204;202;202;252;220;207;201;198;198;198;196;204;218;219;268;207;
2015 -11;17:00;240;234;225;290;252;234;224;;220;214;216;210;210;;;202;204;212;208;202;;198;198;;196;205;214;;;;
2015 -10;17:00;200;202;;194;;198;191;;228;;;220;218;;220;314;234;220;213;210;284;284;228;;212;210;223;238;256;;234
2015 -10;07:00;202;201;210;196;193;190;193;196;260;262;;248;218;264;230;260;262;226;216;213;213;330;244;222;214;211;210;228;298;276;244
2015 -09;17:00;174;;;177;181;218;183;204;182;;216;;;;178;178;246;;;;193;;185;183;214;;280;234;212;;
2015 -09;07:00;174;177;;175;181;188;190;234;186;180;270;193;184;180;178;178;274;216;;;196;190;186;184;224;198;310;272;220;208;
2015 -08;17:00;;;184;183;183;182;;;;181;180;180;179;179;178;178;176;176;180;176;176;176;176;175;180;201;207;182;;176;175
2015 -08;07:00;186;;184;183;183;182;182;;;181;181;180;179;179;179;178;178;176;;177;176;182;176;176;175;191;297;186;180;177;175
2015 -07;07:00;178;178;178;182;177;177;194;210;224;194;187;184;;184;220;211;234;198;191;188;234;193;188;416;220;204;200;195;192;189;187
2015 -07;17:00;178;178;178;180;177;178;220;214;204;190;186;;188;214;214;201;212;194;190;187;206;190;190;258;;206;197;193;190;188;197
2015 -06;07:00;192;191;187;186;185;184;183;181;180;180;179;183;180;222;234;198;189;189;196;188;;185;184;182;182;182;182;180;180;179;
2015 -06;17:00;191;188;186;186;184;183;182;180;180;180;179;180;194;334;209;194;188;228;191;;186;184;;182;182;183;181;180;180;179;
2015 -05;07:00;177;187;178;178;178;176;175;174;173;174;174;174;209;187;184;192;183;189;209;250;203;195;190;186;198;265;349;244;211;201;196
2015 -05;17:00;177;180;178;178;176;176;174;173;173;174;174;206;210;183;207;183;182;222;201;221;201;193;188;185;218;191;302;223;205;198;293
2015 -04;07:00;190;185;182;180;179;206;188;182;180;181;177;176;176;176;176;180;180;234;194;181;197;182;208;194;185;182;180;179;178;178;
2015 -04;17:00;187;184;182;180;192;196;186;181;180;178;177;176;176;176;176;178;186;196;192;180;185;194;205;189;;181;180;179;178;177;
2015 -03;07:00;192;187;184;182;180;262;;190;;185;218;193;185;;188;190;183;181;179;179;179;184;179;178;177;176;195;191;210;255;202
2015 -03;17:00;189;186;184;;;214;192;189;186;186;202;188;;183;;186;182;179;179;180;182;180;178;178;176;176;188;;282;222;194
2015 -02;07:00;182;181;182;186;182;182;;;;184;;220;192;191;198;184;181;202;199;188;203;184;204;199;193;224;210;192;;;
2015 -02;17:00;182;180;;182;183;180;;;;176;306;190;189;194;190;182;180;191;189;184;197;183;270;190;193;250;198;192;;;
2015 -01;07:00;183;180;183;;173;176;172;192;196;184;194;210;190;177;175;266;260;203;242;228;250;213;201;;;198;186;185;;192;186
2015 -01;17:00;181;177;;174;173;176;172;177;182;188;;186;180;176;;213;;410;215;230;224;201;196;191;;;186;;180;184;183
2014 -12;07:00;172;167;165;170;165;163;;162;162;162;177;183;196;191;170;166;165;164;174;198;;178;179;179;168;170;220;;223;195;204
2014 -12;17:00;170;;165;168;164;;163;162;162;169;246;171;190;;168;166;165;174;169;;168;194;;170;;174;;;194;;188
2014 -11;07:00;170;170;173;180;183;175;175;174;172;169;168;167;168;167;166;166;165;164;164;164;166;166;166;165;165;182;176;168;178;170;
2014 -11;17:00;170;170;172;198;177;174;176;172;170;169;168;167;168;167;166;165;164;164;164;165;166;166;165;165;169;201;170;167;174;176;
2014 -10;07:00;284;196;185;;178;176;175;174;173;172;172;176;173;360;199;185;181;184;180;184;176;174;173;172;172;184;179;;;170;171
2014 -10;17:00;215;189;;;172;176;175;173;172;172;171;177;;229;189;182;;183;187;179;176;174;173;172;172;177;174;;170;170;170
2014 -09;07:00;177;171;191;175;194;183;178;175;173;171;170;170;170;169;169;167;166;168;188;;178;169;168;168;180;176;180;180;346;202;
2014 -09;17:00;172;176;178;178;198;182;;174;172;171;170;170;169;169;169;166;166;170;;172;171;168;168;204;173;;190;178;240;212;
2014 -08;07:00;177;186;177;176;180;174;173;172;172;172;172;171;202;174;172;224;206;183;177;175;174;173;;170;170;176;;170;170;170;170
2014 -08;17:00;177;180;176;178;176;174;172;172;172;172;171;171;182;173;172;238;;179;177;174;173;;;170;170;;;170;170;170;188
2014 -07;17:00;200;194;;;;;186;182;181;184;184;186;188;199;188;184;182;180;179;178;177;176;176;212;;180;178;177;177;177;177
2014 -07;07:00;203;196;192;188;;184;;184;182;182;186;197;183;218;190;;182;181;180;179;177;177;176;180;193;;179;177;177;177;177
2014 -06;07:00;176;170;169;168;183;239;188;183;244;194;186;210;192;186;;182;179;199;185;179;;176;174;174;174;174;238;366;308;220;
2014 -06;17:00;174;170;168;168;185;205;185;278;212;188;184;208;188;;;181;;193;180;;;176;174;174;174;174;270;;250;210;
2014 -05;07:00;187;170;;170;170;171;170;170;173;;170;170;169;169;169;170;169;168;167;167;167;188;180;187;;214;188;176;172;170;170
2014 -05;17:00;186;;;170;170;170;170;174;;170;170;170;170;169;169;169;168;168;167;167;167;;174;;;218;176;172;172;170;172
2014 -04;07:00;188;191;208;195;186;182;179;177;180;181;177;177;177;177;173;173;174;173;170;215;180;176;176;174;174;174;172;173;172;171;
2014 -04;17:00;190;;;190;185;180;178;176;182;170;177;177;177;175;173;173;173;172;170;188;175;176;174;174;174;173;172;172;171;;
2014 -03;07:00;189;182;177;176;192;176;173;170;221;182;211;218;186;220;191;190;182;185;240;200;188;192;180;179;178;176;180;192;180;177;189
2014 -03;17:00;18;180;176;;180;175;172;172;;178;194;194;254;193;196;186;180;234;209;192;186;186;180;179;177;176;220;180;177;179;184
2014 -02;07:00;188;190;169;166;175;166;164;164;163;163;162;162;162;219;190;170;166;172;173;171;166;165;165;232;183;206;325;210;;;
2014 -02;17:00;172;173;168;168;168;165;164;164;163;162;162;162;162;235;175;168;166;172;172;170;166;165;168;189;180;202;244;196;;;
2014 -01;07:00;;208;180;228;196;189;182;175;183;174;194;230;190;190;178;194;186;176;173;172;169;169;178;169;191;175;170;168;168;166;164
2014 -01;17:00;210;202;288;210;190;189;179;176;178;172;190;195;190;183;230;189;180;175;173;171;169;168;171;168;176;172;168;168;167;164;167
2013 -12;17:00;169;169;169;166;253;174;170;169;168;179;172;170;169;167;267;180;170;169;168;171;168;;;;165;163;163;168;163;174;
2013 -12;07:00;171;169;170;172;166;193;173;170;168;197;181;172;169;169;197;210;176;170;169;168;168;;;;166;164;163;163;164;199;220
2013 -11;07:00;171;172;172;173;170;168;168;168;168;166;166;176;169;165;164;165;165;164;164;164;175;169;166;166;172;185;172;170;176;173;
2013 -11;17:00;171;172;172;171;169;168;168;168;167;166;166;176;165;164;164;165;164;164;164;193;170;167;166;166;174;174;171;170;174;171;
2013 -10;07:00;180;178;178;192;184;175;174;173;173;172;172;172;172;172;172;172;176;177;173;174;170;170;170;173;190;177;216;177;172;170;170
2013 -10;17:00;180;178;180;190;180;174;173;173;172;172;172;172;172;172;172;172;176;175;174;172;170;170;170;200;180;179;190;174;172;170;170
2013 -09;17:00;171;171;172;170;170;169;168;167;166;166;166;164;163;163;163;170;180;170;170;300;400;322;244;200;186;180;180;189;183;181;
2013 -09;07:00;171;171;171;172;170;169;169;167;166;166;166;166;164;163;163;164;174;184;169;176;320;290;250;220;198;184;180;180;187;183;
2013 -08;07:00;166;166;166;174;170;171;168;162;162;209;208;197;190;181;178;176;172;171;172;175;170;168;164;164;164;219;204;186;178;171;171
2013 -08;17:00;166;166;166;170;170;170;165;162;180;224;200;195;184;180;177;174;171;171;173;170;170;166;164;164;200;210;200;180;175;171;171
2013 -07;07:00;178;174;170;170;168;168;168;168;170;174;168;166;166;166;166;167;167;167;167;175;195;175;237;226;194;185;180;170;166;166;166
2013 -07;17:00;178;174;170;170;168;168;168;168;170;170;167;166;166;166;166;167;167;167;170;187;180;200;226;200;190;182;178;169;166;166;166
2013 -06;07:00;170;213;195;188;174;168;168;168;165;160;160;160;160;160;160;160;173;168;170;177;185;263;200;171;217;180;179;176;193;183;
2013 -06;17:00;170;200;190;180;170;168;168;168;165;160;160;160;160;160;160;167;170;168;175;180;200;260;192;200;200;175;178;175;190;180;
2013 -05;07:00;174;174;174;174;174;180;176;172;171;170;170;170;170;170;169;169;169;169;170;208;198;190;180;170;169;169;169;169;169;177;176
2013 -05;17:00;174;174;174;174;182;178;174;172;170;170;170;170;170;170;169;169;169;169;170;200;196;184;178;170;169;169;169;169;169;176;176
2013 -04;07:00;184;180;181;410;290;236;202;197;190;226;201;186;182;182;182;182;182;182;180;179;179;179;179;180;188;180;178;174;174;174;
2013 -04;17:00;184;180;260;300;250;215;200;190;190;210;200;158;182;182;182;182;182;180;180;179;179;179;179;185;186;180;176;174;174;174;
2013 -03;17:00;166;166;;168;296;193;193;193;230;200;190;230;200;180;189;180;180;181;220;306;286;225;210;200;200;200;190;188;185;186;186
2013 -03;07:00;166;166;166;166;178;233;188;193;210;206;190;190;211;196;180;198;180;181;182;224;420;250;218;200;202;196;195;188;186;185;186
2013 -02;17:00;160;160;190;176;176;180;170;256;200;178;170;185;200;210;270;200;230;200;196;190;180;175;170;170;170;170;168;166;;;
2013 -02;07:00;160;160;160;184;176;180;179;170;248;178;179;256;190;179;243;212;185;221;196;196;184;178;174;170;170;183;168;166;;;
2013 -01;07:00;166;164;164;164;164;170;170;170;168;166;166;164;164;164;164;170;170;170;175;170;210;174;170;168;166;164;164;164;164;160;160
2013 -01;17:00;164;164;164;164;164;170;170;168;168;166;166;164;164;164;164;170;170;186;170;170;170;170;168;168;166;164;164;164;160;160;160
2012 -12;07:00;163;176;178;170;168;166;166;166;166;166;166;166;166;169;170;178;170;170;170;173;173;168;166;165;165;184;180;180;178;168;166
2012 -12;17:00;163;176;176;169;167;166;166;166;166;166;166;166;166;170;170;172;170;170;170;173;170;168;165;165;165;180;180;180;178;166;166
2012 -11;07:00;164;164;164;164;164;244;176;170;230;202;201;177;175;186;178;174;174;172;172;173;168;168;168;204;180;175;175;175;170;163;
2012 -11;17:00;164;164;164;164;164;178;170;200;210;204;170;177;178;180;176;174;172;172;172;170;168;168;168;186;176;175;178;174;167;163;
2012 -10;07:00;190;192;176;169;174;168;164;164;164;164;172;197;186;178;167;167;166;166;165;164;164;164;209;170;166;164;180;169;166;166;166
2012 -10;17:00;190;190;170;170;170;166;164;164;164;170;210;190;180;174;167;166;166;165;164;164;164;220;170;168;166;170;178;166;166;166;166
2012 -09;07:00;168;162;162;162;162;162;162;162;162;168;206;176;168;160;160;159;158;158;158;170;166;170;164;164;164;164;164;164;164;190;
2012 -09;17:00;165;162;162;162;162;162;162;162;162;215;200;170;164;160;160;158;158;158;158;166;166;166;164;164;164;164;164;164;164;200;
2012 -08;07:00;252;202;195;178;170;165;160;160;160;160;160;160;160;160;160;178;174;172;172;170;168;167;167;167;167;167;167;167;178;170;168
2012 -08;17:00;210;200;180;174;169;165;160;160;160;160;160;160;160;160;170;176;172;172;170;169;168;167;167;167;167;167;167;170;170;168;168
2012 -07;17:00;170;170;170;169;169;180;170;169;169;170;171;170;169;169;169;169;170;174;170;167;167;167;168;170;180;180;200;179;180;200;248
2012 -07;07:00;170;170;170;169;169;169;179;170;169;169;171;172;169;169;169;169;169;177;170;167;167;167;167;168;178;180;248;195;177;194;240
2012 -06;07:00;172;172;172;176;216;180;178;176;176;176;178;172;170;170;170;170;170;206;189;184;182;178;210;180;174;174;174;174;170;170;
2012 -06;17:00;172;172;172;238;200;179;178;176;176;176;176;170;170;170;170;170;170;210;186;188;170;380;200;178;174;174;174;170;170;170;
2012 -05;17:00;171;171;176;178;178;174;171;171;171;171;169;169;169;169;169;169;169;168;170;172;250;172;170;175;216;188;178;172;172;172;172
2012 -05;07:00;171;171;171;184;178;174;174;171;171;171;169;169;169;169;169;169;169;168;168;174;170;178;172;170;209;205;180;172;172;172;172
2012 -04;07:00;171;171;171;171;170;170;170;170;176;172;222;180;186;198;182;178;170;170;170;170;170;171;170;170;170;184;190;176;204;190;
2012 -04;17:00;171;171;171;170;170;170;170;170;176;172;180;184;190;190;182;178;170;170;170;170;171;170;170;170;180;194;176;210;196;187;
2012 -03;07:00;158;158;158;158;158;158;158;158;158;158;158;158;158;158;189;180;179;179;179;179;179;179;193;191;170;168;158;154;154;154;154
2012 -03;17:00;158;158;158;158;158;158;158;158;158;158;158;158;158;158;180;179;179;179;179;179;179;196;195;185;170;160;154;154;154;154;154
2012 -02;07:00;190;190;190;190;190;200;190;204;196;219;323;204;190;190;199;186;180;176;176;176;176;176;176;176;176;228;207;196;150;;
2012 -02;17:00;190;190;190;190;190;190;195;198;350;250;250;190;190;190;190;184;180;176;176;176;176;180;176;176;176;210;200;150;158;;
2012 -01;07:00;350;208;200;198;195;190;188;185;185;185;298;228;200;330;260;228;310;260;225;195;190;190;190;190;230;210;200;195;195;190;190
2012 -01;17:00;268;200;198;195;188;190;188;185;185;330;260;200;294;420;236;230;270;228;200;190;190;190;190;190;220;200;200;195;190;190;190
2011 -12;07:00;190;190;180;180;180;180;180;208;206;209;200;200;228;228;208;226;218;210;206;200;188;188;180;180;180;195;189;186;186;286;204
2011 -12;17:00;190;180;180;180;180;180;200;207;250;200;200;205;380;215;215;220;218;108;200;189;188;184;180;180;197;190;185;186;186;200;250
2011 -11;07:00;182;182;181;181;181;181;181;181;181;181;190;186;182;84;204;204;190;190;190;182;180;186;184;180;179;179;194;209;204;195;
2011 -11;17:00;182;181;181;181;181;181;181;181;181;190;188;182;182;194;206;200;190;190;185;180;184;187;180;179;179;190;200;206;200;190;
2011 -10;17:00;198;196;194;194;192;192;192;192;192;192;192;205;204;204;195;192;192;189;189;200;200;198;190;190;188;188;188;186;184;184;182
2011 -10;07:00;198;198;196;194;192;192;192;192;192;192;192;194;212;204;195;192;192;189;189;189;240;198;190;190;190;188;188;188;186;184;182
2011 -09;07:00;210;210;210;206;200;268;270;408;340;256;236;220;220;220;220;236;252;242;210;220;236;198;198;198;198;198;198;198;198;198;
2011 -09;17:00;210;210;210;200;215;296;358;520;289;240;220;220;220;220;220;245;246;238;210;227;200;198;198;198;198;198;198;198;198;198;
2011 -08;17:00;300;200;190;190;176;176;176;250;510;270;222;190;198;198;200;180;176;176;176;176;176;190;230;265;235;200;187;180;290;320;203
2011 -08;07:00;204;264;196;190;176;176;176;185;340;290;250;222;198;198;206;180;176;176;176;176;176;176;263;216;270;218;194;180;225;370;254
2011 -07;07:00;196;198;226;196;180;180;176;176;176;176;176;176;176;176;176;176;176;192;180;176;190;190;190;180;176;176;176;176;176;230;200
2011 -07;17:00;197;200;200;196;180;180;176;176;176;176;176;176;176;176;176;176;176;180;176;180;190;190;188;176;176;176;176;176;200;210;200
2011 -06;17:00;180;180;180;179;179;178;198;186;180;180;178;177;176;176;176;176;176;176;176;176;176;176;180;180;190;290;200;180;180;180;
2011 -06;07:00;180;180;180;180;179;178;178;190;180;180;178;177;176;179;176;176;176;176;176;176;176;176;180;180;180;200;281;180;180;180;
2011 -05;07:00;;;;;;;;;;;;;;;;;;;284;;;;;;;;;;;;181
2011 -05;17:00;;;;;;;;;;;;;;;;;;;;;;;;;;;;;;181;180
2011 -03;07:00;216;216;214;210;210;210;210;204;224;210;284;289;420;;;;;;;;;;;;;;;;;;
2011 -03;17:00;216;214;210;210;210;210;204;216;214;450;290;550;350;;;;;;;;;;;;;;;;;;
2011 -02;07:00;204;230;204;204;200;240;286;200;224;;269;;246;292;249;239;210;200;196;196;250;256;240;224;248;226;294;220;;;
2011 -02;17:00;240;204;204;200;;;210;214;200;290;;250;;260;240;226;200;200;196;390;380;340;224;256;226;226;220;216;;;
2011 -01;07:00;180;180;182;180;180;216;210;104;186;204;205;198;232;219;196;359;196;214;309;214;238;356;340;254;234;242;220;232;204;226;204
2011 -01;17:00;180;182;180;180;250;260;240;190;220;225;200;304;236;200;200;204;190;230;260;300;200;460;272;240;240;222;;214;240;210;204
2010 -12;07:00;196;198;204;196;196;194;189;190;186;180;180;180;180;198;190;180;188;200;182;180;196;247;214;206;200;200;190;184;180;180;180
2010 -12;17:00;196;210;196;196;196;189;190;186;184;180;180;180;195;190;190;180;184;190;180;184;218;210;202;200;196;194;186;180;180;180;180
2010 -11;17:00;176;176;174;174;180;180;176;176;176;174;170;170;170;170;195;250;336;190;180;182;180;280;200;190;190;180;180;176;280;200;
2010 -11;07:00;178;176;174;174;174;192;176;176;176;176;170;170;170;170;172;203;212;214;184;179;182;204;244;190;192;187;180;178;310;226;
2010 -10;07:00;180;204;196;194;190;186;180;210;190;186;180;180;178;178;181;180;178;188;180;176;176;175;175;175;175;182;180;178;178;219;185
2010 -10;17:00;200;200;196;194;186;186;314;190;188;180;180;180;178;178;180;178;179;184;178;176;175;175;175;175;178;180;180;178;178;290;180
2010 -09;07:00;179;178;178;178;178;178;178;178;178;178;178;194;180;174;174;174;174;174;174;174;176;196;196;188;180;180;234;212;218;189;
2010 -09;17:00;178;178;178;178;178;178;178;178;178;178;178;192;174;174;174;174;174;174;174;175;190;250;190;180;180;200;220;252;190;180;
2010 -08;17:00;226;196;190;210;204;200;200;200;200;196;194;194;189;189;186;184;184;180;180;180;180;180;180;180;180;180;180;179;179;179;179
2010 -08;07:00;362;204;194;190;234;200;200;200;200;196;194;194;189;189;186;186;184;184;180;180;180;180;180;180;180;180;180;179;179;179;179
2010 -07;07:00;190;190;190;188;185;185;185;185;185;185;185;185;233;180;180;188;190;214;243;264;200;200;258;210;198;190;190;190;190;190;190
2010 -07;17:00;190;190;190;185;185;185;185;185;185;185;185;200;180;180;180;188;200;238;310;200;200;225;218;200;190;190;190;190;190;190;190
2010 -06;07:00;200;200;206;318;270;210;208;208;205;205;204;204;204;202;202;200;200;200;199;200;198;214;200;195;190;190;190;190;190;;
2010 -06;17:00;200;200;256;418;215;210;208;206;205;204;204;204;204;202;202;200;200;199;199;199;200;200;200;195;190;190;190;190;190;;
2010 -05;17:00;180;180;180;180;180;180;180;224;200;190;190;270;206;198;198;200;206;480;260;230;240;280;254;210;198;198;198;198;222;200;200
2010 -05;07:00;180;180;180;180;180;180;180;260;216;190;190;398;246;198;198;198;204;208;340;244;234;267;314;246;200;198;198;198;230;216;200
2010 -04;17:00;180;180;180;180;180;180;180;180;180;184;180;180;186;184;184;184;184;184;184;184;210;200;192;205;250;300;192;185;180;180;
2010 -04;07:00;180;180;180;180;180;180;180;180;180;180;184;180;180;186;184;184;184;184;184;184;184;198;198;192;236;278;248;190;180;180;
2010 -03;07:00;184;186;184;232;196;268;232;200;196;194;198;198;194;200;190;184;184;184;184;184;184;184;184;184;240;300;228;186;180;230;184
2010 -03;17:00;184;184;184;210;190;210;205;198;194;205;196;196;194;196;186;184;184;184;184;184;184;184;184;360;384;280;190;180;350;190;184
2010 -02;07:00;190;180;180;175;175;175;175;175;232;210;185;233;190;190;210;200;193;190;190;190;186;200;218;200;194;190;184;184;;;
2010 -02;17:00;185;180;180;175;175;175;175;410;190;190;440;200;190;190;190;190;190;190;190;190;184;190;200;196;190;184;184;184;;;
2010 -01;17:00;185;180;180;308;290;198;190;186;196;360;224;228;210;180;180;185;195;190;185;180;260;196;180;180;210;190;196;190;190;290;190
2010 -01;07:00;189;180;180;180;260;224;196;190;180;299;232;230;220;207;180;185;200;205;185;180;200;197;194;180;180;202;204;196;202;190;196
2009 -12;07:00;180;176;176;176;176;176;174;174;174;174;176;314;191;180;180;180;233;192;195;178;176;176;179;179;176;190;185;190;180;180;192
2009 -12;17:00;178;176;176;176;176;176;174;174;174;174;180;198;180;180;180;180;194;190;180;178;176;176;176;176;176;190;180;185;180;280;180
2009 -11;07:00;174;174;174;174;174;174;206;198;198;180;174;174;174;184;174;231;180;174;176;174;178;186;180;176;240;189;192;178;210;198;
2009 -11;17:00;174;174;174;174;174;174;180;270;180;178;174;174;174;178;174;190;176;174;174;174;180;180;178;176;210;180;178;240;180;180;
2009 -10;07:00;180;222;185;180;180;183;180;180;180;180;180;190;195;185;202;190;204;188;186;186;184;184;183;180;180;178;175;174;174;174;174
2009 -10;17:00;230;190;180;180;180;180;180;180;180;180;180;215;190;185;195;185;189;187;186;184;184;184;183;180;180;175;175;174;174;174;174
2009 -09;17:00;174;174;174;174;174;174;172;192;196;198;182;280;210;180;180;180;180;235;180;180;180;180;180;180;180;180;280;360;192;180;
2009 -09;07:00;174;174;174;176;174;174;172;224;184;246;190;190;228;190;180;180;180;180;196;180;180;180;180;180;180;180;220;320;232;180;
2009 -08;17:00;254;250;180;174;174;174;180;178;179;176;174;174;174;174;174;174;174;190;280;210;174;174;178;176;176;174;174;174;174;174;174
2009 -08;07:00;309;302;190;174;174;174;188;180;178;180;174;174;174;174;174;174;174;210;238;238;190;174;174;180;186;174;174;174;174;174;174
2009 -07;17:00;178;176;174;174;174;174;176;210;215;295;215;196;180;175;174;286;280;196;186;170;174;176;178;180;178;174;174;174;176;174;174
2009 -07;07:00;178;177;175;174;174;173;176;180;215;218;209;222;182;176;174;186;282;190;180;170;174;176;178;180;178;174;174;174;178;174;174
2009 -06;07:00;182;180;178;178;176;174;174;174;174;174;174;174;174;174;174;175;178;177;175;174;174;173;172;171;172;172;172;182;176;179;
2009 -06;17:00;181;180;178;177;175;174;174;174;174;174;174;174;174;174;174;175;178;176;175;174;173;173;172;171;172;172;176;180;177;179;
2009 -05;17:00;189;188;186;184;183;183;182;181;188;186;184;184;184;184;185;183;180;76;14;173;170;168;167;166;160;160;180;182;181;180;186
2009 -05;07:00;189;188;187;186;184;183;182;182;192;188;184;184;184;178;185;184;182;178;174;173;170;168;167;166;160;160;178;182;181;180;186
2009 -04;17:00;179;178;175;174;188;188;199;199;188;187;185;184;182;182;180;179;178;178;178;178;178;266;248;210;245;213;202;190;190;189;
2009 -04;07:00;179;178;178;175;196;188;188;199;188;187;185;180;183;182;181;179;178;178;178;178;178;186;280;258;213;229;208;202;190;189;
2009 -03;07:00;;;;;;;;;;;;;;;;;;;192;190;185;219;238;214;223;199;195;206;194;191;190
2009 -03;17:00;;;;;;;;;;;;;;;;;;192;191;190;190;195;229;221;208;198;194;199;193;191;190
2006 -10;07:00;94;110;106;100;98;96;92;92;91;91;140;122;110;110;106;104;100;100;98;98;98;98;96;96;96;96;94;94;92;92;92
2006 -10;17:00;108;110;102;100;98;96;92;91;91;98;138;114;110;108;106;102;100;100;98;98;98;96;96;96;96;94;94;94;92;92;92
2006 -09;17:00;100;98;95;95;95;95;94;94;94;93;92;92;92;92;94;94;93;93;92;93;94;93;93;92;92;92;92;92;92;;
2006 -09;07:00;104;98;96;95;95;95;95;94;94;93;93;92;92;92;92;94;93;93;92;92;94;94;93;92;92;92;92;92;92;92;
2006 -08;07:00;93;93;93;93;93;93;93;93;93;92;92;92;92;92;92;112;176;102;98;98;95;94;93;93;93;93;92;92;91;91;94
2006 -08;17:00;93;93;93;93;93;93;93;93;92;92;92;92;92;92;92;182;148;102;98;97;94;94;93;93;93;93;92;91;91;91;98
2006 -07;07:00;93;93;93;93;93;93;93;93;93;93;93;95;95;95;99;106;102;100;100;98;94;95;95;95;96;96;95;95;95;95;93
2006 -07;17:00;93;93;93;93;93;93;93;93;93;93;93;95;95;95;104;106;100;100;100;94;94;95;95;95;96;95;95;95;95;95;93
2006 -06;07:00;95;95;95;96;96;96;95;94;94;94;98;96;95;94;94;94;95;94;94;94;94;95;94;94;94;94;93;93;93;93;
2006 -06;17:00;95;95;96;96;96;95;94;94;94;94;98;96;94;94;94;96;95;94;94;94;94;94;94;94;94;93;93;93;93;93;
2006 -05;07:00;98;98;97;96;96;96;96;94;94;94;110;108;160;98;98;98;98;98;98;98;98;98;96;96;95;95;95;95;95;94;94
2006 -05;17:00;98;98;96;96;96;96;96;94;94;94;108;104;98;98;98;98;98;98;98;98;98;98;96;96;95;95;95;95;94;94;94
2006 -04;17:00;102;102;102;102;102;100;100;100;100;100;100;100;100;100;100;100;100;100;100;100;104;106;104;102;100;100;98;98;98;98;
2006 -04;07:00;102;102;104;102;102;100;100;100;100;100;100;100;100;100;100;100;100;100;100;100;100;110;104;102;102;100;100;98;98;98;
2006 -03;17:00;108;106;142;138;124;110;110;108;115;118;116;110;106;104;104;102;102;100;104;102;100;100;108;110;108;106;106;106;104;102;102
2006 -03;07:00;108;108;150;148;129;118;110;108;108;123;116;110;106;106;104;102;102;102;104;102;102;100;108;110;108;108;106;106;104;104;102
2006 -02;17:00;110;138;133;122;113;110;123;118;120;120;116;110;111;110;110;110;112;110;110;113;117;116;114;110;110;110;108;108;;;
2006 -02;07:00;113;148;136;122;116;110;128;120;115;124;116;113;112;113;110;110;114;110;110;113;115;115;118;114;110;110;108;108;;;
2006 -01;17:00;126;128;126;113;110;148;122;116;115;110;110;108;190;188;156;115;110;110;108;;115;120;140;174;142;130;128;120;113;110;110
2006 -01;07:00;132;132;132;120;113;172;130;120;116;110;110;108;106;184;162;122;110;110;109;121;116;136;130;162;154;135;128;124;120;110;110
2005 -12;07:00;122;118;114;112;110;113;112;112;111;110;109;108;108;106;106;108;120;114;107;116;116;113;110;140;122;116;110;106;106;102;100
2005 -12;17:00;120;116;114;112;110;112;112;110;110;110;109;108;107;106;106;110;115;110;108;116;114;113;110;130;122;116;110;106;102;100;100
2005 -11;17:00;126;122;120;120;118;118;138;136;122;120;120;118;116;114;110;112;122;120;110;106;106;102;102;102;110;110;110;110;110;110;
2005 -11;07:00;126;122;120;120;118;118;144;132;122;122;120;118;116;114;110;112;128;122;110;106;106;102;102;102;120;110;110;110;110;110;
2005 -10;17:00;128;126;122;136;148;142;158;160;148;146;140;130;120;120;122;205;150;148;140;130;128;120;120;118;112;108;104;156;130;128;126
2005 -10;07:00;130;128;126;122;184;134;144;182;154;148;144;130;128;120;120;134;174;152;140;134;128;124;120;118;112;108;104;206;134;130;126
2005 -09;07:00;224;126;116;148;152;132;120;118;110;108;108;150;126;122;124;122;122;134;266;145;140;138;206;182;160;150;136;146;140;132;
2005 -09;17:00;202;124;114;160;142;130;120;110;108;108;120;132;126;122;122;122;130;160;182;142;138;160;230;164;156;138;142;140;136;132;
2005 -08;17:00;100;100;100;100;100;100;100;108;132;134;120;116;106;102;100;100;100;106;104;104;102;100;100;100;100;100;100;100;100;116;234
2005 -08;07:00;100;100;100;100;100;100;100;102;114;154;124;116;106;102;102;100;100;106;104;104;102;102;100;100;100;100;100;100;100;100;250
2005 -07;07:00;100;100;100;100;140;164;120;108;102;100;100;100;100;100;100;100;108;102;100;100;100;122;126;146;112;102;102;102;102;100;
2005 -07;17:00;100;100;100;100;152;160;110;106;102;100;100;100;100;100;100;100;106;102;100;100;106;130;138;140;108;102;102;102;102;100;
2005 -06;07:00;108;106;106;104;104;104;104;104;102;102;100;100;100;100;110;120;126;110;108;106;104;104;102;102;102;100;100;102;102;100;
2005 -06;17:00;106;106;106;104;104;104;104;104;102;102;100;100;100;100;110;120;126;110;108;106;104;104;102;102;100;100;100;102;102;100;
2005 -05;07:00;106;102;102;102;102;100;100;100;228;130;112;120;110;106;104;104;104;142;259;138;126;120;116;124;116;116;112;112;110;110;110
2005 -05;17:00;104;102;102;102;102;100;100;100;186;126;112;116;110;106;104;104;204;168;168;130;126;116;118;122;116;116;112;112;110;110;108
2005 -04;17:00;104;120;150;170;152;124;112;106;106;104;102;112;108;108;106;104;102;102;124;114;110;108;106;106;110;102;102;102;110;116;
2005 -04;07:00;106;116;154;186;164;130;116;110;106;104;104;102;110;108;106;104;102;102;102;116;110;108;106;106;106;102;102;102;100;120;
2005 -03;07:00;126;120;116;108;100;104;104;108;104;100;100;100;100;136;116;110;110;108;106;106;106;106;104;100;102;104;110;116;110;108;106
2005 -03;17:00;124;120;114;104;100;104;104;104;102;100;100;100;120;126;113;110;110;108;106;106;106;104;102;100;102;104;110;112;108;106;106
2005 -02;17:00;130;124;116;116;114;110;106;104;104;110;120;120;114;104;100;100;100;120;142;130;110;136;104;106;158;130;132;126;;;
2005 -02;07:00;150;124;118;116;114;110;110;106;104;100;126;116;116;110;104;100;100;106;156;136;110;110;110;104;164;136;146;126;;;
2005 -01;17:00;102;100;100;122;112;110;110;106;104;156;118;110;106;110;110;108;102;102;100;110;114;104;108;130;141;114;108;136;148;156;
2005 -01;07:00;102;100;100;134;112;110;110;108;106;104;126;110;108;104;110;108;104;102;100;100;118;106;104;118;198;122;110;116;176;180;186
2004 -12;07:00;102;100;102;102;102;102;136;186;156;120;150;126;120;110;110;110;120;116;120;110;110;108;120;134;128;110;108;106;102;102;102
2004 -12;17:00;100;100;102;102;102;102;140;160;150;174;140;120;114;110;110;110;120;116;120;110;110;108;124;130;120;110;106;106;102;102;102
2004 -11;07:00;160;140;100;116;110;110;106;100;104;110;116;120;110;108;106;104;110;108;102;100;100;100;100;98;100;116;108;110;114;104;
2004 -11;17:00;155;138;100;112;110;108;106;100;100;130;118;110;110;106;104;104;108;104;102;100;100;100;98;98;100;110;106;112;108;104;
2004 -10;07:00;;;;;;;;;;;;;;;;;;;;106;102;100;124;158;126;126;116;100;100;100;110
2004 -10;17:00;;;;;;;;;;;;;;;;;;;109;104;100;110;130;142;126;124;110;100;100;100;180
2003 -07;17:00;96;96;96;96;96;96;96;96;94;94;94;94;94;94;108;102;94;94;94;94;94;94;94;94;94;100;120;100;94;94;94
2003 -07;07:00;96;96;96;96;96;96;96;96;94;94;94;94;94;94;106;112;102;94;94;94;94;94;94;94;94;100;120;108;94;94;94
2003 -06;07:00;96;96;96;168;100;114;102;118;160;104;106;102;102;102;102;102;98;98;118;102;96;96;96;96;96;96;96;96;96;96;
2003 -06;17:00;96;96;96;166;107;102;100;120;156;102;104;102;102;102;102;98;98;118;102;96;96;96;96;96;96;96;96;96;96;96;
2003 -05;17:00;106;104;99;99;100;99;99;99;99;99;99;99;99;99;106;100;99;99;99;99;99;99;118;102;99;99;99;96;96;96;96
2003 -05;07:00;118;106;100;99;99;100;99;99;99;99;99;99;99;99;106;102;100;99;99;99;99;99;162;108;99;99;99;96;96;96;96
2003 -04;17:00;;;;104;104;104;104;104;104;103;104;104;104;104;;98;98;98;98;98;98;100;98;98;98;98;98;102;102;118;
2003 -04;07:00;;;;108;104;104;104;104;104;102;102;104;104;100;;100;98;98;98;98;98;100;100;98;98;98;98;112;102;162;
2003 -03;07:00;100;100;100;100;100;100;100;100;100;100;100;100;100;100;100;100;100;100;100;100;100;100;100;100;100;100;100;100;100;100;100
2003 -03;17:00;100;100;100;100;100;100;100;100;100;100;100;100;100;100;100;100;100;100;100;100;100;100;100;100;100;100;100;100;100;100;100
2003 -02;17:00;100;100;100;100;102;106;106;104;90;100;100;100;100;100;100;100;100;100;100;100;100;100;100;100;100;100;100;100;;;
2003 -02;07:00;100;100;100;100;106;104;108;106;90;100;100;100;100;100;100;100;100;100;100;100;100;100;100;100;100;100;100;100;;;
2003 -01;17:00;100;100;100;106;114;102;102;100;100;100;100;100;100;100;100;100;100;100;100;100;100;100;100;100;102;100;100;100;100;100;100
2003 -01;07:00;100;100;100;100;112;106;102;100;10;100;100;100;100;100;100;100;100;100;100;100;100;100;100;100;102;100;100;100;100;100;100
2002 -12;07:00;100;100;100;100;100;113;112;117;114;120;175;120;114;113;112;114;111;112;110;109;106;106;108;110;111;112;114;106;104;102;100
2002 -12;17:00;100;100;100;100;100;113;114;113;112;127;129;118;114;112;111;112;112;110;109;108;107;105;107;112;113;113;112;105;102;100;100
2002 -11;07:00;120;110;104;112;100;100;104;100;100;100;100;100;100;100;100;100;100;100;100;100;100;100;100;100;100;100;108;108;112;108;
2002 -11;17:00;118;108;102;108;100;100;102;100;100;100;100;100;100;100;100;100;100;106;100;100;100;100;100;100;100;100;110;112;116;104;
2002 -10;07:00;100;100;100;100;120;116;106;102;100;100;100;100;100;100;100;130;126;106;104;100;104;100;100;100;106;106;100;100;100;118;122
2002 -10;17:00;100;100;100;100;124;110;104;10;100;100;100;100;100;100;100;132;120;102;102;100;102;100;100;100;108;104;100;100;100;120;130
2002 -09;07:00;100;100;100;100;100;100;134;100;100;100;100;105;104;100;100;100;106;100;118;138;134;100;100;100;100;100;100;100;100;100;
2002 -09;17:00;100;100;100;100;100;106;128;100;100;100;100;104;106;100;100;100;106;106;120;136;130;100;100;100;100;100;100;100;100;100;
2002 -08;07:00;100;104;106;102;100;110;106;100;100;100;100;100;100;110;128;110;110;106;102;100;100;100;122;120;100;100;106;100;100;100;100
2002 -08;17:00;100;102;104;100;100;112;104;100;100;100;100;100;100;120;126;106;110;104;100;100;100;106;110;120;110;100;104;100;100;100;100
2002 -07;17:00;100;132;108;102;100;100;106;102;100;100;100;100;100;100;100;100;100;100;100;100;104;100;100;100;100;102;102;100;100;102;102
2002 -07;07:00;100;120;172;106;100;100;104;104;102;100;100;100;100;100;100;100;100;100;100;100;102;100;100;100;100;102;102;100;100;102;104
2002 -06;17:00;104;102;104;102;102;102;100;100;102;100;100;102;102;102;106;104;106;106;104;102;102;100;100;100;100;100;100;100;100;100;
2002 -06;07:00;106;102;102;102;102;102;100;100;102;100;102;104;102;102;104;106;110;106;104;104;102;102;100;100;100;100;100;100;100;100;
2001 -10;07:00;248;166;127;128;119;121;115;112;109;122;118;115;116;114;110;107;109;112;116;118;113;112;110;108;107;110;109;107;113;111;117
2001 -10;17:00;187;142;124;117;118;116;113;110;112;119;114;113;111;113;110;108;110;113;115;114;108;;107;;;;107;111;111;114;116
2001 -09;07:00;103;101;103;102;110;113;115;106;110;186;112;109;108;104;107;;104;102;107;102;100;103;304;184;157;126;132;114;121;293;
2001 -09;17:00;102;102;103;101;115;118;109;108;112;154;114;106;104;104;105;;103;102;102;101;100;264;285;168;172;139;124;142;151;327;
2001 -08;07:00;106;104;102;108;102;103;108;116;110;106;105;107;104;104;104;106;;;110;112;110;106;104;105;102;103;105;114;116;104;103
2001 -08;17:00;108;107;102;102;104;105;103;112;106;104;103;103;102;104;105;102;;;108;109;107;104;108;103;102;108;104;114;114;104;103
2001 -07;07:00;114;112;110;108;109;109;108;105;108;107;108;108;108;106;106;104;105;102;109;106;104;102;132;210;154;104;103;106;100;100;104
2001 -07;17:00;112;110;110;108;109;110;110;110;110;108;106;108;106;106;106;106;104;101;108;105;103;109;134;138;127;101;102;102;100;102;104
2001 -06;17:00;102;103;103;;118;106;103;103;104;107;108;114;106;;;;114;118;106;;;;101;104;100;102;102;108;120;119;
2001 -06;07:00;104;102;102;;117;110;104;103;103;106;108;110;111;107;;;112;121;109;;;;103;108;102;102;102;106;112;118;
2000 -07;07:00;105;104;103;104;105;107;106;105;102;117;107;106;104;104;102;103;113;136;118;107;115;108;104;104;105;105;104;104;103;104;101
2000 -07;17:00;104;104;102;104;107;108;107;104;102;112;108;104;104;103;102;105;125;122;110;112;113;106;104;104;105;105;104;104;106;102;100
2000 -06;07:00;104;104;104;104;106;106;106;105;104;104;104;103;103;103;103;102;104;104;104;104;104;105;104;103;103;134;122;108;106;105;
2000 -06;17:00;104;104;104;104;106;106;106;105;104;104;104;103;103;103;102;103;104;104;104;104;104;105;104;103;107;128;118;106;105;105;
2000 -05;07:00;110;109;110;111;111;109;110;110;110;110;110;110;109;108;107;108;107;106;106;106;106;106;106;106;106;107;106;106;105;104;104
2000 -05;17:00;109;109;110;111;109;109;110;110;110;110;110;111;109;108;107;107;106;106;106;106;106;106;106;106;106;106;106;106;105;104;104
2000 -04;07:00;120;122;120;132;123;120;118;119;119;131;134;127;144;138;136;125;123;122;120;118;116;114;113;112;111;110;111;112;111;110;
2000 -04;17:00;119;121;123;126;121;118;119;120;121;146;130;131;140;145;131;123;124;121;119;116;115;113;112;111;111;110;111;111;111;110;
2000 -03;07:00;124;126;140;136;134;250;152;132;126;118;120;130;127;125;124;122;119;120;120;123;122;120;118;124;120;118;120;118;116;118;123
2000 -03;17:00;128;125;134;134;132;168;144;124;120;117;121;131;126;123;123;120;122;120;119;124;122;121;118;123;120;121;120;117;118;120;121
2000 -02;07:00;126;127;154;282;152;131;124;122;125;141;128;130;126;162;171;178;146;142;136;134;130;124;133;130;128;130;130;128;126;;
2000 -02;17:00;128;136;140;174;136;128;125;123;124;134;128;124;126;192;192;158;144;139;134;132;128;126;130;128;132;132;129;126;124;;
2000 -01;07:00;122;118;114;110;108;112;121;117;114;118;122;178;169;151;136;186;184;156;145;138;134;126;130;126;128;126;134;124;120;121;124
2000 -01;17:00;120;116;112;108;106;144;132;127;136;141;162;172;164;144;132;234;182;141;140;137;130;129;128;126;126;130;128;126;126;130;126
1999 -12;07:00;113;113;114;114;114;114;120;116;121;118;116;114;123;154;131;123;118;116;116;117;116;116;114;114;;;109;;;;
1999 -12;17:00;113;113;116;114;114;116;118;116;120;116;116;114;138;136;138;118;116;120;118;116;116;115;114;113;;;;;;;
1999 -11;17:00;176;152;138;126;174;142;130;124;120;118;118;116;118;114;126;121;117;116;112;114;118;116;124;120;125;120;116;114;114;114;
1999 -11;07:00;162;159;146;130;210;163;136;126;122;119;118;116;116;116;127;124;118;116;114;116;114;116;118;120;116;118;116;116;114;114;
1999 -10;07:00;110;106;104;103;100;102;108;136;114;123;113;106;102;103;104;112;142;124;112;112;112;110;108;106;110;128;124;200;136;136;168
1999 -10;17:00;110;106;104;102;104;106;112;127;119;116;108;105;102;104;106;117;136;118;110;112;110;114;104;106;116;116;136;164;142;126;152
1999 -09;07:00;105;105;104;104;103;106;106;105;120;122;126;118;134;148;125;112;107;104;103;102;102;104;110;115;261;138;124;120;115;112;
1999 -09;17:00;105;105;104;104;104;106;105;108;116;120;113;124;144;156;118;110;104;104;103;102;102;106;113;119;184;127;120;118;114;112;
1999 -08;07:00;113;112;112;111;110;110;110;109;108;108;108;108;107;114;110;106;107;110;110;108;108;108;106;105;106;105;105;136;116;108;106
1999 -08;17:00;112;112;112;111;110;110;110;109;108;108;108;108;110;112;108;106;108;110;108;108;108;107;106;105;106;105;106;123;112;108;106
1999 -07;07:00;110;108;148;251;130;124;121;126;132;127;128;122;118;116;112;112;115;116;118;118;115;115;112;114;121;115;118;114;114;112;113
1999 -07;17:00;108;115;193;186;128;122;121;134;130;126;124;120;118;114;113;114;118;120;119;116;115;114;112;117;116;116;114;114;112;113;113
1999 -06;07:00;106;110;116;113;110;110;110;113;144;286;186;123;119;116;116;114;114;112;110;120;154;123;116;114;114;113;112;112;112;110;
1999 -06;17:00;108;110;115;111;110;110;110;136;178;230;134;128;118;116;115;114;113;112;116;206;131;115;115;114;114;112;114;112;111;110;
1999 -05;07:00;100;103;103;103;102;104;104;103;102;99;116;102;100;100;100;99;98;116;101;101;100;99;99;98;97;114;120;110;110;107;108
1999 -05;17:00;102;104;103;102;102;104;103;102;99;100;112;102;100;101;100;98;98;104;100;100;102;99;98;98;97;133;112;110;108;106;108
1999 -04;07:00;;;;108;108;108;108;108;106;107;108;117;115;108;108;112;127;112;109;110;108;108;107;106;104;104;103;107;103;98;
1999 -04;17:00;;;109;108;108;108;108;106;108;105;110;123;111;108;108;119;116;113;110;109;108;108;106;106;104;104;104;104;102;98;
1999 -03;07:00;140;126;134;128;123;119;118;114;112;110;109;115;118;113;110;109;110;108;108;104;107;109;110;108;108;;;;;;
1999 -03;17:00;132;124;131;125;120;116;116;114;113;110;114;113;116;112;111;108;110;108;106;105;105;112;108;108;107;;;;;;
1999 -02;07:00;;;;;;;;;;;;;;;;;;;;;;;;;;137;135;134;;;
1999 -02;17:00;;;;;;;;;;;;;;;;;;;;;;;;;;130;131;129;;;
1999 -01;07:00;;;;;;;;;;;;;;;;;;;;;;;;;;;;;;;
1999 -01;17:00;;;;;;;;;;;;;;;;;;;;;;;;;;;;;;;
1998 -11;07:00;99;96;96;98;104;100;99;97;97;96;136;176;139;115;108;104;100;99;102;98;105;103;103;102;102;100;99;98;103;121;
1998 -11;17:00;97;96;96;98;102;100;98;97;97;103;144;164;126;110;106;102;99;99;100;97;103;104;103;102;102;99;99;98;280;100;
1998 -10;07:00;105;102;;;;;;98;97;96;98;100;102;98;94;89;88;91;90;88;88;86;87;127;124;188;126;113;109;106;98
1998 -10;17:00;104;;;;;;98;98;96;96;97;105;100;95;92;88;87;90;88;87;88;87;89;136;138;135;117;110;104;102;98
1998 -09;07:00;90;89;89;88;126;119;130;123;108;103;102;107;125;107;102;100;96;97;99;193;149;123;114;125;142;129;126;116;110;106;
1998 -09;17:00;90;89;88;91;127;117;150;116;106;100;103;112;131;104;101;99;95;97;107;154;132;121;119;130;131;119;121;113;110;106;
1998 -08;07:00;87;146;100;99;116;112;97;93;96;187;118;102;130;110;130;109;101;124;103;99;104;109;114;110;105;99;97;94;93;92;90
1998 -08;17:00;89;126;101;102;119;105;95;95;107;126;109;103;116;117;123;105;105;118;101;100;106;118;113;106;102;98;96;94;92;91;90
1998 -07;07:00;88;90;89;88;86;86;86;148;119;100;95;92;89;88;88;85;82;82;82;79;79;104;110;119;109;103;90;90;120;97;88
1998 -07;17:00;88;89;89;88;86;86;85;154;114;97;93;89;89;87;86;83;82;83;81;79;82;103;123;112;107;95;90;90;101;93;87
1998 -06;17:00;95;94;92;89;88;86;85;85;85;84;85;84;;;;85;84;83;124;93;91;90;124;112;97;91;90;89;89;89;
1998 -06;07:00;97;95;92;91;88;87;85;86;85;85;86;84;84;;;85;85;83;138;94;93;92;89;137;103;92;90;89;89;89;
1998 -05;07:00;116;109;104;100;99;99;97;96;96;95;93;93;101;102;114;99;98;96;93;93;92;92;92;91;90;90;90;89;88;110;109
1998 -05;17:00;113;107;103;100;99;98;95;94;95;96;93;94;106;107;108;98;98;94;92;93;92;92;91;91;90;90;89;89;95;112;106
1998 -04;07:00;109;106;107;102;107;108;113;109;104;103;103;101;102;98;95;99;97;98;95;96;94;93;98;184;129;115;169;191;123;117;
1998 -04;17:00;107;103;104;102;103;107;115;107;106;102;101;101;100;96;97;99;101;96;95;95;94;92;106;135;123;111;206;139;120;119;
1998 -03;07:00;102;100;97;153;104;102;100;103;100;;;;97;96;95;96;98;224;295;173;106;102;107;101;97;96;95;102;179;210;120
1998 -03;17:00;101;100;147;113;101;100;97;101;;;;101;96;95;95;97;103;287;234;138;105;103;103;100;97;98;96;106;268;163;117
1998 -02;07:00;107;116;110;132;120;126;117;110;104;214;126;106;100;98;100;105;103;101;100;99;103;114;100;139;127;110;104;105;;;
1998 -02;17:00;117;112;119;124;121;119;113;107;101;140;115;101;100;97;102;107;104;100;99;99;107;105;117;142;116;107;102;101;;;
1998 -01;07:00;96;94;93;250;154;121;113;109;106;106;105;99;94;92;112;103;97;92;92;96;87;91;93;103;97;98;100;93;93;96;105
1998 -01;17:00;96;93;97;187;132;117;112;108;112;108;103;96;93;93;108;101;94;92;92;89;86;90;96;107;94;103;97;95;94;102;119
1997 -12;07:00;99;96;;;;;;;;;;;103;96;93;92;92;93;93;93;108;119;113;102;98;95;94;94;95;103;97
1997 -12;17:00;99;;;;;;;;;;;;97;95;93;90;91;92;93;91;127;117;108;101;96;95;94;94;98;99;97
1997 -11;07:00;110;112;121;134;138;143;133;123;116;107;102;100;106;101;97;97;97;99;97;97;94;92;91;91;88;96;152;132;115;111;
1997 -11;17:00;107;116;127;135;145;150;127;124;113;103;100;98;112;99;97;96;102;99;97;95;94;92;91;90;88;108;163;117;113;101;
1997 -10;07:00;112;121;106;105;90;112;102;124;115;188;142;112;100;97;95;90;92;99;96;101;136;150;120;106;103;100;96;97;97;109;107
1997 -10;17:00;124;108;103;99;95;120;106;109;214;163;124;106;98;94;92;91;94;97;102;108;367;131;118;102;101;98;95;98;112;106;116
1997 -09;07:00;75;75;75;75;74;73;72;71;72;72;72;84;81;80;82;82;81;79;79;79;79;79;79;79;79;83;87;126;118;97;
1997 -09;17:00;75;75;75;75;73;73;73;73;72;76;73;82;81;81;83;81;83;79;79;79;78;79;78;79;79;85;92;131;113;89;
1997 -08;07:00;79;80;80;;;;81;81;79;79;79;79;78;77;77;75;75;75;74;73;71;71;72;73;73;73;73;76;76;75;75
1997 -08;17:00;79;80;80;;;81;80;80;79;79;79;78;77;76;77;75;75;74;73;72;70;71;73;72;73;74;73;74;76;75;75
1997 -07;07:00;91;91;89;86;86;84;83;81;81;80;80;79;79;79;79;79;79;84;104;136;100;99;96;92;87;85;82;82;81;81;79
1997 -07;17:00;92;90;88;86;85;84;82;81;81;80;80;79;78;79;78;79;79;99;108;112;102;98;93;90;87;84;83;81;81;80;78
1997 -06;07:00;81;80;80;81;81;80;80;80;80;80;80;80;80;80;78;80;80;80;88;86;82;81;81;80;79;131;112;99;93;92;
1997 -06;17:00;80;81;81;81;81;80;80;80;80;80;80;80;81;79;79;80;80;80;92;84;81;81;80;80;79;126;102;96;92;92;
1997 -05;07:00;85;85;84;84;84;84;84;84;84;84;83;82;81;80;82;108;88;86;84;84;83;83;84;83;83;82;81;81;81;81;81
1997 -05;17:00;85;84;84;84;84;84;84;84;84;84;83;82;81;82;83;105;87;84;82;84;83;85;84;83;82;82;81;81;81;81;81
1997 -04;07:00;90;94;98;110;;;;92;91;90;89;90;89;90;90;90;90;92;101;95;93;92;90;89;88;88;88;88;88;86;
1997 -04;17:00;90;94;96;;;;100;91;90;90;90;89;89;90;90;90;90;98;97;94;93;91;90;88;88;89;88;88;87;86;
1997 -03;07:00;116;116;119;118;115;121;118;113;113;107;106;102;100;113;109;107;103;99;97;96;95;94;94;93;94;94;94;94;93;92;91
1997 -03;17:00;117;115;120;116;117;119;114;112;109;107;105;101;124;111;109;106;101;99;97;95;95;94;93;94;94;94;93;94;92;92;91
1997 -02;07:00;234;191;162;146;118;97;92;;;;;118;102;97;96;95;96;101;116;102;97;100;246;115;121;119;115;116;;;
1997 -02;17:00;211;180;154;131;102;93;92;;;;;112;99;96;96;96;96;100;106;98;99;103;161;120;120;118;118;117;;;
1997 -01;07:00;80;78;79;80;99;98;96;92;92;92;110;106;104;99;97;98;102;103;104;195;156;144;138;147;158;192;232;158;148;152;151
1997 -01;17:00;80;78;79;87;101;97;94;93;91;93;112;103;102;98;96;99;101;105;107;194;158;132;145;146;168;436;163;155;156;150;162
1996 -12;07:00;79;79;79;79;78;118;120;106;107;98;98;99;130;98;110;98;90;90;88;88;84;96;92;90;85;82;81;86;87;85;82
1996 -12;17:00;79;79;79;78;158;274;118;103;105;96;102;108;116;97;103;94;90;90;92;90;86;96;91;88;83;83;82;88;86;84;80
1996 -11;07:00;88;86;84;82;83;81;81;81;81;80;80;78;78;78;81;91;86;83;82;82;80;79;79;88;82;81;79;79;79;79;
1996 -11;17:00;88;85;83;82;82;80;81;81;80;80;79;79;78;82;80;90;84;82;82;82;79;79;79;84;81;80;79;79;79;79;
1996 -10;07:00;134;110;98;96;92;91;94;93;96;108;100;95;97;93;92;92;94;90;;;;;;;;;;;;;92
1996 -10;17:00;118;102;95;95;90;92;95;96;104;102;98;96;94;94;91;93;92;;;;;;;;;;;;;;93
1996 -09;07:00;141;122;96;87;83;82;119;236;118;100;92;87;85;86;85;84;84;85;84;82;81;80;80;83;94;112;139;166;132;130;
1996 -09;17:00;137;104;92;84;83;81;184;134;101;96;92;86;84;85;84;84;86;85;83;81;81;80;82;86;99;128;154;158;128;132;
1996 -08;07:00;79;79;80;80;81;80;81;80;87;102;92;79;81;172;112;101;98;95;90;88;88;86;85;84;83;83;85;84;79;80;124
1996 -08;17:00;79;80;80;81;81;81;80;80;124;100;85;79;108;122;103;100;96;93;88;87;88;85;85;84;83;83;84;82;79;85;132
1996 -07;17:00;97;95;97;99;95;93;91;87;86;84;;;;;;;;87;84;;;;82;;;80;81;80;79;78;78
1996 -07;07:00;99;94;96;98;96;94;92;88;86;86;;;;;;;;87;85;;;;80;79;;80;81;80;79;78;78
1996 -06;07:00;79;77;76;76;78;77;77;76;74;74;74;74;75;75;74;74;80;83;90;80;84;83;82;82;81;90;120;110;100;98;
1996 -06;17:00;78;76;76;76;78;77;77;75;74;74;74;75;75;75;74;84;78;100;85;87;84;82;82;81;81;98;118;102;98;97;
1996 -05;07:00;86;90;88;88;86;86;85;84;84;84;84;83;83;81;81;80;80;78;78;78;78;79;79;79;79;79;78;78;78;78;77
1996 -05;17:00;92;89;88;87;86;85;85;84;84;84;85;83;82;81;80;80;79;77;77;78;78;79;79;79;79;78;79;78;78;77;77
1996 -04;07:00;86;86;84;82;84;86;86;86;87;92;93;90;88;87;86;86;85;84;83;83;83;83;82;82;82;81;82;82;82;85;
1996 -04;17:00;86;85;83;83;85;86;86;86;87;94;92;89;88;87;86;85;84;83;83;83;83;82;82;82;82;82;82;82;85;84;
1996 -03;07:00;150;110;108;102;98;94;93;99;94;93;89;87;87;85;84;84;88;91;90;88;87;86;87;89;88;85;84;83;83;85;86
1996 -03;17:00;110;112;106;99;96;92;96;95;93;93;88;87;86;84;84;83;90;90;89;88;86;85;88;89;86;85;84;82;83;84;87
1996 -02;07:00;;;;;;;;;;;;;;;87;96;99;102;103;105;116;99;97;95;94;96;95;212;128;;
1996 -02;17:00;;;;;;;;;;;;;;88;88;102;100;98;110;108;117;98;97;96;95;97;95;218;183;;
1995 -12;07:00;70;71;81;76;74;73;73;71;70;70;70;68;68;68;67;67;67;68;68;68;68;67;122;280;;;;;;;
1995 -12;17:00;72;5;80;74;74;73;72;70;69;70;69;68;68;67;67;67;67;68;68;68;67;67;;567;;;;;;;
1995 -11;07:00;82;81;80;79;77;76;75;74;75;73;71;71;70;69;70;70;71;69;70;;;;;;73;72;71;73;70;70;
1995 -11;17:00;83;80;80;78;76;75;76;75;73;73;71;72;70;70;71;70;71;70;71;;;;;72;72;71;71;71;70;70;
1995 -10;07:00;78;;;82;82;85;86;84;83;80;80;78;76;76;76;79;78;78;81;92;99;92;83;82;80;79;79;78;77;77;76
1995 -10;17:00;;;81;81;83;85;85;84;82;80;79;77;76;76;75;79;78;80;88;104;95;87;83;82;80;78;79;77;77;77;79
1995 -09;07:00;67;67;66;66;65;64;64;64;64;64;64;66;65;65;65;65;66;68;154;108;94;83;124;88;86;83;80;79;;;
1995 -09;17:00;67;67;66;64;64;64;64;64;64;64;64;66;65;65;65;64;66;68;160;106;88;85;118;85;88;81;78;;;;
1995 -08;07:00;;;;;;;74;74;73;72;71;71;71;70;69;72;74;73;76;79;77;76;73;71;70;69;;;;;
1995 -08;17:00;;;;;;73;74;72;73;71;71;71;70;70;70;73;74;74;82;78;77;75;72;71;70;;;;;;
1995 -07;07:00;0;0;0;0;79;0;80;79;79;78;78;0;0;0;0;0;0;0;0;0;83;0;0;0;0;0;0;0;0;0;0
1995 -07;17:00;81;0;0;0;80;0;80;80;79;78;0;0;0;0;0;0;0;0;0;0;85;0;0;0;0;0;0;0;0;0;0
1995 -06;07:00;71;70;70;70;70;70;70;89;93;90;86;87;86;84;84;86;85;85;83;83;82;82;80;79;;;;;;;
1995 -06;17:00;70;70;70;70;70;70;70;92;92;87;86;85;84;83;85;85;85;84;83;82;82;81;80;;;;;;;;
1995 -05;07:00;81;80;79;78;78;78;78;78;78;77;77;77;77;75;74;73;73;73;73;73;73;73;73;73;73;72;72;72;72;71;71
1995 -05;17:00;80;79;78;78;79;78;78;78;78;77;77;77;76;74;73;73;73;73;73;73;73;73;73;73;72;72;72;72;72;71;71
1995 -04;07:00;85;84;83;83;83;83;82;82;83;83;83;88;88;89;87;86;84;86;83;83;82;82;82;82;82;82;82;82;81;83;
1995 -04;17:00;85;84;84;83;83;82;83;83;83;83;90;88;89;88;86;86;85;84;83;83;83;82;83;82;82;82;82;82;83;82;
1995 -03;07:00;110;108;107;106;102;101;99;98;97;95;93;93;94;99;98;98;96;94;91;92;93;92;91;90;88;87;84;83;83;84;85
1995 -03;17:00;110;108;106;103;100;100;98;98;95;93;92;91;96;100;97;96;95;92;91;93;93;92;91;90;86;85;84;83;83;84;85
1995 -02;07:00;;148;117;113;120;122;;;;;;;;;;;;;;;;;;;;;113;112;;;
1995 -02;17:00;120;129;114;118;137;;;;;;;;;;;;;;;;;;;;;116;114;111;;;
1995 -01;07:00;154;93;;;;;;;;;;;137;176;;147;;;134;150;196;126;146;;;;;;;;
1995 -01;17:00;162;;;;;;;;165;;;;124;;;;;120;144;148;162;158;;;;;;;;;98
1994 -12;07:00;73;72;73;73;73;75;76;75;74;75;73;73;73;73;74;75;84;80;84;101;98;92;84;87;80;80;99;148;123;144;137
1994 -12;17:00;73;72;73;73;74;76;76;74;75;74;72;73;73;73;74;76;83;82;92;107;93;87;82;82;79;82;110;178;140;151;143
1994 -11;07:00;78;78;80;78;78;80;84;82;80;78;76;76;78;80;78;80;80;118;104;94;80;80;80;75;73;74;84;75;74;74;
1994 -11;17:00;78;80;80;78;78;84;84;82;78;78;78;78;78;78;78;82;80;112;102;88;80;80;78;74;74;84;85;75;74;74;
1994 -10;07:00;84;86;86;86;84;84;82;82;82;82;82;80;80;80;78;78;76;92;102;86;88;90;104;98;88;86;82;82;80;80;80
1994 -10;17:00;84;84;84;84;84;84;84;82;82;82;80;80;80;78;78;76;76;96;88;86;88;92;102;96;88;84;82;82;80;80;80
1994 -09;07:00;79;78;78;78;78;78;78;78;78;78;76;76;76;78;80;78;80;82;80;80;80;80;78;80;80;80;80;80;80;80;
1994 -09;17:00;79;78;78;78;78;78;78;78;78;78;76;76;78;80;80;78;80;80;80;80;80;78;78;80;80;80;80;80;80;80;
1994 -08;07:00;88;82;84;84;84;84;84;82;82;84;80;84;84;84;82;84;84;84;84;84;84;84;84;84;84;82;82;82;82;80;80
1994 -08;17:00;86;82;84;84;84;84;82;82;84;82;82;84;84;84;82;84;84;84;84;84;84;84;84;84;82;82;82;82;80;80;80
1994 -07;07:00;88;110;114;128;140;140;132;124;118;102;96;98;92;92;96;98;104;96;98;90;90;86;140;106;98;104;102;96;92;88;88
1994 -07;17:00;88;122;126;134;136;138;128;120;104;98;96;94;94;94;102;102;102;96;90;90;88;88;124;96;98;102;98;94;90;88;86
1994 -05;07:00;94;94;92;88;90;94;90;90;90;108;180;194;122;118;110;112;110;106;98;94;92;88;86;84;90;90;96;94;92;90;88
1994 -05;17:00;94;94;94;90;92;94;88;90;88;150;168;182;118;114;108;114;102;104;98;94;90;86;86;86;92;88;94;90;88;88;86
1994 -04;07:00;86;84;84;84;84;80;80;84;84;84;80;84;82;80;80;80;82;86;88;92;88;88;92;94;94;94;104;90;98;98;
1994 -04;17:00;82;84;84;84;82;80;82;82;86;82;86;82;82;78;78;80;84;86;90;94;86;88;96;94;96;94;98;94;98;96;
1994 -03;07:00;;;;;;;;;;;;;;;;118;98;138;186;110;110;102;96;94;92;90;88;86;90;88;90
1994 -03;17:00;;;;;;;;;;;;;;;;104;102;174;114;106;102;98;94;92;90;86;84;88;88;94;
1994 -02;07:00;88;124;130;110;98;104;120;98;96;94;112;106;96;124;120;112;108;116;106;94;86;;;;;88;;;;;
1994 -02;17:00;86;90;120;102;96;112;106;98;94;92;116;102;120;118;116;114;102;108;98;90;;;;;;90;;96;;;
1994 -01;07:00;94;96;128;98;120;96;102;96;98;96;96;94;92;94;98;96;94;92;92;90;90;96;96;96;94;98;96;104;98;96;92
1994 -01;17:00;94;108;96;106;94;98;96;104;98;96;96;92;94;110;96;108;94;92;90;88;104;96;102;94;106;96;102;108;98;94;90
1993 -12;07:00;78;78;76;80;80;78;80;82;80;76;78;80;82;86;84;82;90;98;98;94;86;78;96;142;120;90;88;152;196;130;98
1993 -12;17:00;76;76;76;80;78;78;80;84;74;76;80;80;84;86;84;82;96;110;96;88;84;90;120;160;98;88;96;188;290;160;96
1993 -11;07:00;98;96;94;92;88;82;82;82;78;76;76;88;86;84;82;80;78;76;76;74;76;84;88;84;88;86;78;76;74;96;
1993 -11;17:00;98;94;94;88;86;82;82;80;78;78;76;90;84;84;82;82;78;74;76;74;78;90;86;84;90;80;76;74;78;76;
1993 -10;07:00;88;92;94;194;148;120;110;80;80;76;80;80;80;82;86;84;82;80;90;88;86;110;96;92;100;88;88;86;88;88;86
1993 -10;17:00;88;90;96;210;120;110;100;80;80;76;80;80;80;82;86;84;82;80;90;86;84;100;94;90;92;90;88;88;90;92;86
1993 -09;07:00;132;88;88;86;84;80;78;84;80;80;80;80;80;78;82;80;80;80;78;82;90;98;90;102;172;102;152;102;90;86;
1993 -09;17:00;136;92;84;84;82;78;78;86;80;80;80;78;78;80;80;82;82;80;80;84;96;88;102;144;134;106;102;92;88;88;
1993 -08;17:00;86;82;84;80;82;82;80;80;86;82;82;80;84;78;82;82;84;82;80;82;78;80;84;78;80;80;82;80;82;84;92
1993 -08;07:00;88;82;84;82;80;82;82;78;82;82;80;84;86;82;80;80;88;84;80;80;78;80;82;80;80;82;82;80;80;82;86
1993 -07;07:00;78;310;144;112;106;92;82;80;80;90;110;102;110;92;86;82;82;102;90;88;86;80;84;82;82;82;84;86;104;118;92
1993 -07;17:00;82;408;130;104;98;88;84;78;82;104;98;106;102;94;80;82;82;96;92;86;82;82;84;80;82;82;86;88;110;98;90
1993 -06;07:00;84;78;82;86;82;78;86;84;82;82;84;80;80;92;90;86;84;92;88;82;80;80;84;80;94;82;80;82;80;78;
1993 -06;17:00;84;80;80;82;82;88;86;82;82;84;80;78;84;94;84;82;102;94;84;84;80;82;82;80;88;80;82;84;82;80;
1993 -05;07:00;88;86;84;88;88;230;158;98;102;92;86;82;76;80;82;80;80;84;80;76;80;84;82;74;84;80;82;82;84;80;80
1993 -05;17:00;88;82;86;90;102;340;112;96;110;90;88;78;72;80;78;78;86;82;80;78;82;80;76;78;84;82;82;82;82;80;84
1993 -04;07:00;104;98;92;92;102;102;92;110;106;112;98;96;88;88;90;88;;;;;;;;;;;98;;;100;
1993 -04;17:00;106;94;94;90;104;96;88;104;102;102;94;92;86;84;92;;;;;;;;;;;;106;;;92;
1993 -03;07:00;98;124;114;104;104;110;94;96;98;98;94;96;104;108;104;96;96;90;112;102;104;104;112;98;96;90;92;106;104;94;104
1993 -03;17:00;150;110;108;106;102;102;92;94;96;94;98;102;112;102;98;94;88;154;102;108;98;98;104;94;92;94;102;98;96;98;102
1993 -02;07:00;182;240;140;110;110;114;106;118;124;110;154;110;116;126;110;104;96;98;92;104;90;88;98;92;90;88;96;102;;;
1993 -02;17:00;202;290;130;118;130;110;104;152;144;114;130;102;124;114;124;108;108;180;96;92;90;90;96;94;88;118;98;102;;;
1993 -01;07:00;74;94;114;108;102;102;98;116;114;110;114;102;94;90;88;84;84;98;88;86;96;86;80;80;86;90;88;104;122;128;152
1993 -01;17:00;86;122;128;104;108;104;102;104;118;120;108;98;92;86;86;82;88;92;88;104;84;82;78;84;86;92;96;110;120;132;160
1992 -12;07:00;96;86;86;84;84;80;80;88;82;80;82;82;80;84;86;82;80;80;82;82;96;90;88;82;84;78;76;80;78;76;76
1992 -12;17:00;96;84;86;86;82;82;80;86;82;82;84;80;82;84;84;82;78;80;80;92;92;90;84;82;80;76;78;80;76;74;74
1992 -11;07:00;92;90;86;88;102;98;94;92;90;86;82;78;78;80;78;78;74;74;70;72;88;96;94;108;124;108;108;98;98;88;
1992 -11;17:00;90;88;86;98;98;96;94;90;86;84;82;78;76;80;76;76;76;74;70;70;86;98;94;114;118;104;106;94;86;84;
1992 -10;07:00;98;96;94;116;112;106;104;102;98;96;94;92;88;88;84;82;84;82;80;84;80;80;78;86;94;92;90;104;102;94;92
1992 -10;17:00;98;94;114;112;110;106;102;102;96;96;94;90;88;86;84;82;84;82;82;84;82;78;78;88;94;90;88;106;98;94;88
1992 -09;07:00;88;90;94;90;88;86;84;88;86;140;122;168;116;118;118;202;120;118;128;128;114;106;102;96;98;98;96;88;86;82;
1992 -09;17:00;88;90;92;90;88;84;84;88;86;170;116;120;112;120;114;182;102;124;134;112;114;106;98;98;96;98;92;88;86;80;
1992 -08;07:00;98;94;92;92;88;84;82;84;132;144;140;134;126;126;122;124;120;116;114;108;108;104;128;126;134;130;140;130;118;106;94
1992 -08;17:00;92;94;92;88;84;82;84;86;130;148;140;132;126;122;118;124;120;114;112;108;106;104;130;128;130;138;136;124;112;100;88
1992 -07;07:00;128;124;110;102;98;94;92;90;88;88;82;82;78;76;120;108;110;104;96;96;92;92;84;82;82;80;110;108;104;102;98
1992 -07;17:00;128;118;104;98;94;92;90;88;88;82;82;78;76;76;120;104;108;102;96;92;92;84;84;82;80;80;110;108;104;98;98
1992 -06;07:00;122;114;108;102;102;96;94;96;98;98;96;94;94;92;92;92;90;90;88;88;88;86;84;84;82;80;80;96;118;128;
1992 -06;17:00;116;110;106;102;98;96;94;98;98;96;96;94;92;92;92;92;90;88;88;88;86;84;84;82;82;80;88;106;124;132;
1992 -05;07:00;86;84;86;88;92;90;90;88;86;84;84;82;82;82;80;80;88;88;86;84;84;84;112;102;98;94;138;140;140;122;130
1992 -05;17:00;84;84;88;92;90;90;88;86;86;84;82;82;82;80;80;78;88;86;84;84;84;136;108;98;96;92;114;144;130;128;132
1992 -04;07:00;102;102;98;96;94;96;104;96;94;90;88;86;84;82;80;82;78;78;78;76;76;74;74;72;72;70;70;72;74;76;
1992 -04;17:00;102;98;98;94;94;98;102;96;92;90;87;86;84;82;78;80;78;78;78;76;74;74;72;72;72;70;72;74;76;78;
1992 -03;07:00;97;87;102;120;116;116;118;118;112;110;108;106;104;106;102;102;98;136;126;118;108;102;108;110;98;94;102;98;128;124;108
1992 -03;17:00;86;90;105;118;116;114;118;116;110;110;108;104;102;106;98;102;98;130;126;114;104;98;108;108;94;90;102;98;126;118;108
1992 -02;07:00;120;160;120;110;405;380;274;274;194;180;160;154;144;130;126;128;132;130;128;126;124;120;116;110;100;98;106;99;94;;
1992 -02;17:00;410;140;101;148;400;324;284;480;190;164;156;148;130;126;128;128;130;128;200;124;120;110;114;110;98;102;110;102;92;;
1992 -01;07:00;82;80;98;84;80;80;76;72;80;102;98;106;120;130;118;104;99;102;96;82;78;80;78;92;94;120;125;98;125;130;92
1992 -01;17:00;82;78;94;82;80;78;76;72;110;98;102;99;116;122;98;112;103;98;86;78;80;80;78;92;98;118;106;120;118;102;98
1991 -12;07:00;82;82;81;80;80;80;88;92;84;92;90;84;82;78;82;100;88;84;86;82;86;82;80;116;194;98;99;110;89;90;86
1991 -12;17:00;82;82;80;80;80;81;94;88;82;94;88;84;80;78;82;94;86;90;86;82;84;80;86;208;201;96;99;112;92;88;82
1991 -11;07:00;94;196;145;130;106;108;102;90;86;70;70;72;76;214;300;149;116;106;112;102;96;95;92;90;86;104;98;96;86;84;
1991 -11;17:00;106;192;158;122;110;104;94;92;84;71;72;100;202;322;201;136;112;160;106;98;96;94;90;89;88;98;98;95;84;82;
1991 -10;07:00;68;66;68;68;69;250;182;121;82;110;98;84;80;78;74;68;75;89;80;78;79;75;68;64;78;74;75;74;130;110;96
1991 -10;17:00;67;67;67;69;69;306;142;96;94;98;86;87;78;76;77;67;85;83;78;80;77;68;66;64;70;71;72;76;132;104;98
1991 -02;07:00;98;87;86;79;87;78;90;98;86;102;108;120;99;;;;;;;;;;;;;;;;;;
1991 -02;17:00;90;85;78;84;76;88;92;96;98;116;111;102;;;;;;;;;;;;;;;;;;;
1991 -01;07:00;76;81;86;120;96;80;76;93;87;203;96;90;85;80;98;138;120;114;94;92;101;96;132;242;182;142;116;94;86;124;92
1991 -01;17:00;80;86;110;98;80;78;76;90;86;102;92;88;86;96;98;145;123;98;90;88;94;120;162;263;192;120;98;86;84;98;87
1990 -12;07:00;76;82;90;85;77;70;78;88;96;80;82;78;74;72;70;86;90;86;84;76;74;76;70;70;236;116;98;96;86;85;76
1990 -12;17:00;79;82;93;85;72;74;80;91;94;80;84;76;72;72;74;90;92;82;79;76;76;76;70;78;185;102;96;87;85;76;76
1990 -11;07:00;121;118;82;86;102;117;118;160;221;192;102;92;85;120;90;78;70;93;86;75;72;82;105;102;90;106;142;93;85;76;
1990 -11;17:00;138;98;86;90;108;122;138;172;224;172;98;85;85;104;86;74;72;86;86;72;76;94;132;98;96;210;104;90;86;76;
1990 -10;07:00;98;120;101;98;86;78;90;96;92;142;99;104;109;166;142;102;90;140;183;152;98;85;85;78;106;93;120;108;160;120;116
1990 -10;17:00;96;122;98;90;80;74;92;90;101;112;90;180;112;179;134;94;86;152;172;109;92;85;82;80;92;86;128;96;142;110;123
1990 -09;17:00;80;74;80;90;86;95;192;201;102;98;94;112;96;94;87;86;88;81;78;76;82;112;97;87;90;98;90;103;114;113;
1990 -09;07:00;80;76;78;86;90;92;163;320;130;106;98;105;98;94;85;90;92;80;80;78;80;120;101;90;87;92;95;106;112;120;
1990 -08;07:00;78;76;76;80;82;94;112;98;102;99;96;96;92;94;93;98;96;102;110;160;108;101;97;90;85;78;120;100;87;80;80
1990 -08;17:00;78;74;76;80;86;102;106;96;100;97;96;96;93;90;95;94;99;106;120;148;98;106;96;90;85;78;96;94;85;79;85
1990 -07;07:00;74;77;80;76;83;85;82;86;84;82;78;76;74;70;68;78;85;96;180;164;162;120;98;96;100;102;110;102;88;86;84
1990 -07;17:00;74;79;76;80;84;82;83;86;82;80;78;74;74;70;69;82;88;97;168;160;142;98;96;102;98;94;96;97;82;86;78
1990 -06;07:00;160;188;123;102;128;104;93;82;;;;;;;85;83;80;78;79;80;79;76;76;76;78;80;86;78;76;70;
1990 -06;17:00;162;124;116;98;120;100;90;84;;;;;;;83;80;78;79;80;82;77;76;76;78;79;82;82;76;72;70;
1990 -05;07:00;80;78;74;80;76;76;76;76;78;82;78;76;76;76;78;74;77;80;97;82;84;78;76;74;70;78;80;110;126;190;135
1990 -05;17:00;78;76;78;82;78;76;76;78;80;82;76;74;76;76;79;74;76;82;90;82;79;76;74;70;70;79;90;120;148;169;130
1990 -04;07:00;96;104;128;94;98;86;85;126;90;86;82;76;78;74;70;74;78;82;78;82;76;72;78;78;74;80;96;112;128;88;
1990 -04;17:00;94;120;110;96;90;87;89;113;82;84;76;78;78;72;70;76;78;80;80;80;76;78;78;76;74;82;98;120;100;80;
1990 -03;07:00;108;104;250;140;100;108;94;85;90;89;85;80;102;96;80;104;86;80;89;98;90;110;120;160;120;98;98;105;112;96;87
1990 -03;17:00;116;128;146;123;98;94;93;87;92;84;80;82;92;83;78;90;82;85;92;97;94;118;114;142;104;98;94;123;102;94;87
1990 -02;07:00;83;78;76;74;78;78;76;77;90;108;200;230;140;158;203;164;206;98;90;96;108;160;159;176;180;203;160;102;;;
1990 -02;17:00;82;76;76;75;80;76;74;78;94;140;160;98;240;260;178;242;108;92;88;100;122;152;171;170;168;182;135;108;;;
1990 -01;07:00;120;154;142;126;110;108;160;140;120;98;112;102;96;110;154;120;140;114;160;132;126;124;112;109;106;109;102;90;92;85;80
1990 -01;17:00;170;160;124;120;109;102;128;120;110;92;99;90;98;150;122;116;123;200;141;108;130;122;108;104;105;103;94;100;87;80;80
1989 -12;07:00;118;98;94;89;85;85;94;96;98;98;148;120;104;98;96;86;98;96;85;82;78;74;72;68;76;92;124;223;328;410;170
1989 -12;17:00;112;95;94;86;85;88;96;98;98;102;124;102;100;98;94;86;96;90;85;80;76;74;68;73;74;92;129;212;380;280;150
1989 -11;07:00;75;74;76;75;78;80;80;82;78;76;74;70;72;73;74;74;74;74;74;74;80;80;85;82;80;70;70;70;82;98;
1989 -11;17:00;74;76;77;76;78;80;80;78;78;74;72;70;72;74;74;74;74;74;74;74;84;80;82;80;80;70;70;80;89;96;
1989 -10;07:00;79;77;82;96;90;82;79;76;74;75;72;70;75;80;82;88;84;84;78;76;78;78;78;76;76;76;76;76;75;76;75
1989 -10;17:00;74;80;80;96;88;80;76;76;75;75;73;70;77;82;82;86;84;80;78;76;78;78;76;76;76;76;76;76;74;76;75
1989 -09;07:00;80;78;76;82;78;76;90;120;138;108;160;180;164;116;120;96;90;92;85;78;86;82;74;115;123;122;96;102;116;87;
1989 -09;17:00;80;76;76;80;76;79;92;126;129;113;300;192;129;110;108;92;90;90;81;84;86;79;84;135;119;98;96;104;98;87;
1989 -08;07:00;82;82;82;80;78;78;78;80;80;80;79;76;76;76;76;76;76;76;76;76;72;78;86;84;150;160;158;159;98;86;84
1989 -08;17:00;82;82;80;80;77;78;78;82;80;80;77;76;76;76;76;76;76;76;76;74;74;80;84;92;162;157;162;150;95;84;82
1989 -07;07:00;76;76;78;80;84;84;82;80;76;76;78;74;72;76;78;79;77;76;76;72;70;70;74;78;80;83;94;96;87;82;82
1989 -07;17:00;76;78;78;80;86;82;80;79;76;76;74;72;72;78;80;76;75;76;76;72;70;74;74;80;82;86;98;92;85;82;82
1989 -06;17:00;76;76;78;80;80;80;85;80;78;76;76;76;76;76;76;78;78;76;78;78;76;76;76;78;76;82;76;82;84;80;
1989 -06;07:00;76;76;76;80;80;80;82;80;78;78;76;76;76;76;76;80;78;86;80;78;78;76;76;78;77;80;78;80;86;80;
1989 -05;07:00;116;114;128;132;180;174;102;96;94;87;85;85;80;78;80;75;76;80;82;80;79;76;75;86;80;76;78;78;78;76;78
1989 -05;17:00;108;123;145;150;210;152;98;96;90;83;85;82;80;80;75;76;80;84;80;80;79;74;79;82;78;76;78;78;76;78;78
1989 -04;07:00;152;136;105;87;76;98;90;86;80;80;82;80;86;84;82;92;98;90;86;82;82;80;80;80;78;75;76;82;85;87;
1989 -04;17:00;141;125;92;83;74;96;86;82;80;80;80;84;85;83;80;94;93;89;86;84;80;80;80;78;75;76;79;83;85;89;
1989 -03;07:00;96;94;92;100;105;86;86;78;80;80;79;76;80;80;85;80;83;88;88;290;396;146;92;89;88;85;85;87;96;95;86
1989 -03;17:00;92;90;95;96;94;86;82;75;80;78;79;80;80;80;83;82;80;88;89;320;183;108;89;89;85;85;85;91;98;94;82
1989 -02;07:00;110;108;96;96;88;86;84;82;82;80;80;74;72;72;76;80;75;78;74;78;98;97;130;94;92;95;92;96;;;
1989 -02;17:00;104;98;94;92;88;83;82;82;80;80;80;73;72;76;79;78;77;75;74;83;95;98;99;90;94;93;98;94;;;
1989 -01;07:00;85;90;96;136;104;382;130;138;156;116;102;96;92;96;106;108;94;88;86;84;84;85;86;100;96;90;106;112;94;82;86
1989 -01;17:00;88;98;108;104;400;178;125;160;132;113;100;96;94;98;104;104;90;85;84;84;85;85;90;126;92;100;102;98;92;140;150
1985 -12;07:00;80;80;82;90;84;82;82;82;80;82;82;80;80;78;78;78;76;76;76;76;78;76;74;76;76;82;104;94;92;90;86
1985 -12;17:00;80;80;84;84;82;82;82;80;82;82;80;80;76;78;78;76;76;76;76;76;78;74;74;76;78;90;108;94;90;90;80
1985 -11;07:00;108;110;104;144;118;140;120;98;90;88;84;82;82;80;76;70;70;70;85;89;122;150;118;110;90;130;100;86;86;84;
1985 -11;17:00;108;102;120;138;152;132;108;94;88;82;82;82;80;78;74;70;70;80;86;90;190;138;115;98;100;128;96;86;86;82;
1985 -10;07:00;90;128;98;84;80;82;86;80;78;78;76;74;74;74;76;78;76;76;86;78;124;82;78;96;85;80;78;78;86;148;104
1985 -10;17:00;106;124;96;84;82;84;85;80;78;75;74;74;74;74;78;76;76;76;84;96;120;80;75;98;80;80;78;80;109;120;106
1985 -09;07:00;78;76;76;100;84;78;76;76;78;80;78;80;78;78;78;76;76;76;80;106;86;78;78;76;76;76;78;80;80;84;
1985 -09;17:00;76;76;89;102;80;76;76;76;78;80;78;78;78;78;76;76;78;76;82;104;86;78;76;76;76;78;78;79;82;85;
1985 -08;07:00;78;78;78;76;76;76;76;76;76;78;78;78;90;80;80;78;78;76;82;82;82;80;78;76;76;76;76;76;74;74;78
1985 -08;17:00;78;78;78;76;76;76;76;76;76;78;78;82;86;80;82;78;76;80;82;82;80;78;76;76;76;76;76;74;74;76;78
1985 -06;07:00;84;84;84;84;86;85;84;84;86;86;84;86;84;84;83;82;106;98;82;86;84;80;80;80;80;82;82;80;80;82;
1985 -06;17:00;84;85;84;86;86;84;86;86;86;86;86;86;83;84;82;84;108;98;84;84;82;82;80;80;82;82;84;82;80;80;
1985 -05;07:00;90;90;86;82;82;88;88;88;110;94;90;90;88;88;86;86;86;86;86;88;88;86;86;86;86;85;85;84;84;84;84
1985 -05;17:00;90;86;86;80;84;87;84;90;98;92;90;89;89;88;86;86;84;86;86;90;88;84;84;85;85;86;85;86;85;84;84
1985 -04;07:00;100;92;90;96;112;144;116;104;102;100;100;98;96;96;96;118;110;98;96;94;94;94;92;92;92;96;94;92;92;94;
1985 -04;17:00;102;90;90;98;113;140;120;104;100;104;102;95;94;94;110;115;112;95;95;93;93;92;92;92;93;97;92;93;92;93;
1985 -03;07:00;96;96;96;102;106;118;116;118;102;100;100;94;94;94;94;94;94;93;90;90;90;96;93;92;234;122;118;110;104;106;102
1985 -03;17:00;95;95;98;100;230;120;117;115;110;98;98;95;94;94;94;94;94;92;90;90;92;97;93;320;240;115;115;110;108;103;102
1985 -02;07:00;92;108;106;100;94;90;90;88;90;96;90;130;130;196;150;120;120;120;108;108;114;120;110;104;102;100;98;98;;;
1985 -02;17:00;94;109;101;98;92;90;85;83;92;95;104;120;165;240;130;100;98;98;96;94;102;118;110;108;0;95;97;98;;;
1985 -01;07:00;106;124;108;92;154;152;110;132;108;102;108;96;96;96;94;138;98;94;92;90;92;92;90;90;94;90;92;92;90;94;92
1985 -01;17:00;110;104;100;98;244;116;120;116;104;120;96;97;96;95;110;140;100;94;90;90;92;90;90;92;92;92;92;90;93;92;90
